2026-06-02 17:44:47
                INFO 
                c.a.insurance.InsuranceApplication
                - Starting InsuranceApplication using Java 23.0.1 with PID 23180 (D:\insurance\target\classes started by Ashutosh Rajput in D:\insurance)
2026-06-02 17:44:47
                INFO 
                c.a.insurance.InsuranceApplication
                - No active profile set, falling back to 1 default profile: "default"
2026-06-02 17:44:48
                INFO 
                o.s.d.r.c.RepositoryConfigurationDelegate
                - Multiple Spring Data modules found, entering strict repository configuration mode
2026-06-02 17:44:48
                INFO 
                o.s.d.r.c.RepositoryConfigurationDelegate
                - Bootstrapping Spring Data JPA repositories in DEFAULT mode.
2026-06-02 17:44:48
                INFO 
                o.s.d.r.c.RepositoryConfigurationDelegate
                - Finished Spring Data repository scanning in 2 ms. Found 0 JPA repository interfaces.
2026-06-02 17:44:48
                INFO 
                o.s.d.r.c.RepositoryConfigurationDelegate
                - Multiple Spring Data modules found, entering strict repository configuration mode
2026-06-02 17:44:48
                INFO 
                o.s.d.r.c.RepositoryConfigurationDelegate
                - Bootstrapping Spring Data Redis repositories in DEFAULT mode.
2026-06-02 17:44:48
                INFO 
                o.s.d.r.c.RepositoryConfigurationDelegate
                - Finished Spring Data repository scanning in 0 ms. Found 0 Redis repository interfaces.
2026-06-02 17:44:49
                INFO 
                o.s.b.w.e.tomcat.TomcatWebServer
                - Tomcat initialized with port 8080 (http)
2026-06-02 17:44:49
                INFO 
                o.a.catalina.core.StandardService
                - Starting service [Tomcat]
2026-06-02 17:44:49
                INFO 
                o.a.catalina.core.StandardEngine
                - Starting Servlet engine: [Apache Tomcat/10.1.54]
2026-06-02 17:44:49
                INFO 
                o.a.c.c.C.[Tomcat].[localhost].[/]
                - Initializing Spring embedded WebApplicationContext
2026-06-02 17:44:49
                INFO 
                o.s.b.w.s.c.ServletWebServerApplicationContext
                - Root WebApplicationContext: initialization completed in 1566 ms
2026-06-02 17:44:49
                INFO 
                o.h.jpa.internal.util.LogHelper
                - HHH000204: Processing PersistenceUnitInfo [name: default]
2026-06-02 17:44:49
                INFO 
                o.h.c.i.RegionFactoryInitiator
                - HHH000026: Second-level cache disabled
2026-06-02 17:44:49
                INFO 
                o.s.o.j.p.SpringPersistenceUnitInfo
                - No LoadTimeWeaver setup: ignoring JPA class transformer
2026-06-02 17:44:49
                INFO 
                com.zaxxer.hikari.HikariDataSource
                - HikariPool-2 - Starting...
2026-06-02 17:44:49
                INFO 
                com.zaxxer.hikari.pool.HikariPool
                - HikariPool-2 - Added connection com.mysql.cj.jdbc.ConnectionImpl@3c291bad
2026-06-02 17:44:49
                INFO 
                com.zaxxer.hikari.HikariDataSource
                - HikariPool-2 - Start completed.
2026-06-02 17:44:49
                INFO 
                o.hibernate.orm.connections.pooling
                - HHH10001005: Database info:
	Database JDBC URL [Connecting through datasource 'HikariDataSource (HikariPool-2)']
	Database driver: undefined/unknown
	Database version: 8.0.41
	Autocommit mode: undefined/unknown
	Isolation level: undefined/unknown
	Minimum pool size: undefined/unknown
	Maximum pool size: undefined/unknown
2026-06-02 17:44:49
                INFO 
                o.h.e.t.j.p.i.JtaPlatformInitiator
                - HHH000489: No JTA platform available (set 'hibernate.transaction.jta.platform' to enable JTA platform integration)
2026-06-02 17:44:49
                INFO 
                o.s.o.j.LocalContainerEntityManagerFactoryBean
                - Initialized JPA EntityManagerFactory for persistence unit 'default'
2026-06-02 17:44:50
                WARN 
                o.s.b.a.o.j.JpaBaseConfiguration$JpaWebConfiguration
                - spring.jpa.open-in-view is enabled by default. Therefore, database queries may be performed during view rendering. Explicitly configure spring.jpa.open-in-view to disable this warning
2026-06-02 17:44:50
                WARN 
                o.s.b.a.s.s.UserDetailsServiceAutoConfiguration
                - 

Using generated security password: 6870f3d4-4e6b-484b-8ec1-202b4b0628c1

This generated password is for development use only. Your security configuration must be updated before running your application in production.

2026-06-02 17:44:50
                INFO 
                o.s.s.c.a.a.c.InitializeUserDetailsBeanManagerConfigurer$InitializeUserDetailsManagerConfigurer
                - Global AuthenticationManager configured with UserDetailsService bean with name inMemoryUserDetailsManager
2026-06-02 17:44:50
                INFO 
                o.s.b.a.e.web.EndpointLinksResolver
                - Exposing 1 endpoint beneath base path '/actuator'
2026-06-02 17:44:50
                INFO 
                o.s.b.d.a.OptionalLiveReloadServer
                - LiveReload server is running on port 35729
2026-06-02 17:44:50
                INFO 
                o.s.b.w.e.tomcat.TomcatWebServer
                - Tomcat started on port 8080 (http) with context path '/'
2026-06-02 17:44:50
                INFO 
                c.a.insurance.InsuranceApplication
                - Started InsuranceApplication in 3.351 seconds (process running for 353.925)
2026-06-02 17:44:50
                INFO 
                o.s.b.d.a.ConditionEvaluationDeltaLoggingListener
                - Condition evaluation unchanged
2026-06-02 17:44:53
                INFO 
                o.s.b.d.a.LocalDevToolsAutoConfiguration$RestartingClassPathChangeChangedEventListener
                - Restarting due to 6 class path changes (6 additions, 0 deletions, 0 modifications)
2026-06-02 17:44:53
                INFO 
                o.s.b.w.e.tomcat.GracefulShutdown
                - Commencing graceful shutdown. Waiting for active requests to complete
2026-06-02 17:44:53
                INFO 
                o.s.b.w.e.tomcat.GracefulShutdown
                - Graceful shutdown complete
2026-06-02 17:44:53
                INFO 
                o.s.o.j.LocalContainerEntityManagerFactoryBean
                - Closing JPA EntityManagerFactory for persistence unit 'default'
2026-06-02 17:44:53
                INFO 
                com.zaxxer.hikari.HikariDataSource
                - HikariPool-2 - Shutdown initiated...
2026-06-02 17:44:53
                INFO 
                com.zaxxer.hikari.HikariDataSource
                - HikariPool-2 - Shutdown completed.
2026-06-02 17:44:53
                INFO 
                c.a.insurance.InsuranceApplication
                - Starting InsuranceApplication using Java 23.0.1 with PID 23180 (D:\insurance\target\classes started by Ashutosh Rajput in D:\insurance)
2026-06-02 17:44:53
                INFO 
                c.a.insurance.InsuranceApplication
                - No active profile set, falling back to 1 default profile: "default"
2026-06-02 17:44:54
                INFO 
                o.s.d.r.c.RepositoryConfigurationDelegate
                - Multiple Spring Data modules found, entering strict repository configuration mode
2026-06-02 17:44:54
                INFO 
                o.s.d.r.c.RepositoryConfigurationDelegate
                - Bootstrapping Spring Data JPA repositories in DEFAULT mode.
2026-06-02 17:44:54
                INFO 
                o.s.d.r.c.RepositoryConfigurationDelegate
                - Finished Spring Data repository scanning in 17 ms. Found 1 JPA repository interface.
2026-06-02 17:44:54
                INFO 
                o.s.d.r.c.RepositoryConfigurationDelegate
                - Multiple Spring Data modules found, entering strict repository configuration mode
2026-06-02 17:44:54
                INFO 
                o.s.d.r.c.RepositoryConfigurationDelegate
                - Bootstrapping Spring Data Redis repositories in DEFAULT mode.
2026-06-02 17:44:54
                INFO 
                o.s.d.r.c.RepositoryConfigurationExtensionSupport
                - Spring Data Redis - Could not safely identify store assignment for repository candidate interface com.allianz.insurance.repository.UserRepository; If you want this repository to be a Redis repository, consider annotating your entities with one of these annotations: org.springframework.data.redis.core.RedisHash (preferred), or consider extending one of the following types with your repository: org.springframework.data.keyvalue.repository.KeyValueRepository
2026-06-02 17:44:54
                INFO 
                o.s.d.r.c.RepositoryConfigurationDelegate
                - Finished Spring Data repository scanning in 4 ms. Found 0 Redis repository interfaces.
2026-06-02 17:44:55
                INFO 
                o.s.b.w.e.tomcat.TomcatWebServer
                - Tomcat initialized with port 8080 (http)
2026-06-02 17:44:55
                INFO 
                o.a.catalina.core.StandardService
                - Starting service [Tomcat]
2026-06-02 17:44:55
                INFO 
                o.a.catalina.core.StandardEngine
                - Starting Servlet engine: [Apache Tomcat/10.1.54]
2026-06-02 17:44:55
                INFO 
                o.a.c.c.C.[Tomcat].[localhost].[/]
                - Initializing Spring embedded WebApplicationContext
2026-06-02 17:44:55
                INFO 
                o.s.b.w.s.c.ServletWebServerApplicationContext
                - Root WebApplicationContext: initialization completed in 1516 ms
2026-06-02 17:44:55
                INFO 
                o.h.jpa.internal.util.LogHelper
                - HHH000204: Processing PersistenceUnitInfo [name: default]
2026-06-02 17:44:55
                INFO 
                o.h.c.i.RegionFactoryInitiator
                - HHH000026: Second-level cache disabled
2026-06-02 17:44:55
                INFO 
                o.s.o.j.p.SpringPersistenceUnitInfo
                - No LoadTimeWeaver setup: ignoring JPA class transformer
2026-06-02 17:44:55
                INFO 
                com.zaxxer.hikari.HikariDataSource
                - HikariPool-3 - Starting...
2026-06-02 17:44:55
                INFO 
                com.zaxxer.hikari.pool.HikariPool
                - HikariPool-3 - Added connection com.mysql.cj.jdbc.ConnectionImpl@45a8a92c
2026-06-02 17:44:55
                INFO 
                com.zaxxer.hikari.HikariDataSource
                - HikariPool-3 - Start completed.
2026-06-02 17:44:55
                INFO 
                o.hibernate.orm.connections.pooling
                - HHH10001005: Database info:
	Database JDBC URL [Connecting through datasource 'HikariDataSource (HikariPool-3)']
	Database driver: undefined/unknown
	Database version: 8.0.41
	Autocommit mode: undefined/unknown
	Isolation level: undefined/unknown
	Minimum pool size: undefined/unknown
	Maximum pool size: undefined/unknown
2026-06-02 17:44:55
                INFO 
                o.h.e.t.j.p.i.JtaPlatformInitiator
                - HHH000489: No JTA platform available (set 'hibernate.transaction.jta.platform' to enable JTA platform integration)
2026-06-02 17:44:55
                INFO 
                o.s.o.j.LocalContainerEntityManagerFactoryBean
                - Initialized JPA EntityManagerFactory for persistence unit 'default'
2026-06-02 17:44:55
                WARN 
                o.s.b.a.o.j.JpaBaseConfiguration$JpaWebConfiguration
                - spring.jpa.open-in-view is enabled by default. Therefore, database queries may be performed during view rendering. Explicitly configure spring.jpa.open-in-view to disable this warning
2026-06-02 17:44:56
                INFO 
                o.h.validator.internal.util.Version
                - HV000001: Hibernate Validator 8.0.3.Final
2026-06-02 17:44:56
                WARN 
                o.s.b.a.s.s.UserDetailsServiceAutoConfiguration
                - 

Using generated security password: 88e7ce9b-7fb9-486d-aef0-54f8b26833a2

This generated password is for development use only. Your security configuration must be updated before running your application in production.

2026-06-02 17:44:56
                INFO 
                o.s.s.c.a.a.c.InitializeUserDetailsBeanManagerConfigurer$InitializeUserDetailsManagerConfigurer
                - Global AuthenticationManager configured with UserDetailsService bean with name inMemoryUserDetailsManager
2026-06-02 17:44:56
                INFO 
                c.a.insurance.InsuranceApplication
                - Starting InsuranceApplication using Java 23.0.1 with PID 15404 (D:\insurance\target\classes started by Ashutosh Rajput in D:\insurance)
2026-06-02 17:44:56
                INFO 
                c.a.insurance.InsuranceApplication
                - No active profile set, falling back to 1 default profile: "default"
2026-06-02 17:44:56
                INFO 
                o.s.b.a.e.web.EndpointLinksResolver
                - Exposing 1 endpoint beneath base path '/actuator'
2026-06-02 17:44:56
                INFO 
                o.s.b.d.e.DevToolsPropertyDefaultsPostProcessor
                - Devtools property defaults active! Set 'spring.devtools.add-properties' to 'false' to disable
2026-06-02 17:44:56
                INFO 
                o.s.b.d.e.DevToolsPropertyDefaultsPostProcessor
                - For additional web related logging consider setting the 'logging.level.web' property to 'DEBUG'
2026-06-02 17:44:56
                INFO 
                o.s.b.d.a.OptionalLiveReloadServer
                - LiveReload server is running on port 35729
2026-06-02 17:44:56
                INFO 
                o.s.b.w.e.tomcat.TomcatWebServer
                - Tomcat started on port 8080 (http) with context path '/'
2026-06-02 17:44:56
                INFO 
                c.a.insurance.InsuranceApplication
                - Started InsuranceApplication in 3.157 seconds (process running for 359.577)
2026-06-02 17:44:56
                INFO 
                c.a.insurance.service.UserService
                - User service started
2026-06-02 17:44:56
                WARN 
                c.a.insurance.service.UserService
                - Warning log
2026-06-02 17:44:56
                ERROR
                c.a.insurance.service.UserService
                - Error log
2026-06-02 17:44:56
                INFO 
                o.s.b.d.a.ConditionEvaluationDeltaLoggingListener
                - Condition evaluation unchanged
2026-06-02 17:44:59
                INFO 
                o.s.d.r.c.RepositoryConfigurationDelegate
                - Multiple Spring Data modules found, entering strict repository configuration mode
2026-06-02 17:44:59
                INFO 
                o.s.d.r.c.RepositoryConfigurationDelegate
                - Bootstrapping Spring Data JPA repositories in DEFAULT mode.
2026-06-02 17:44:59
                INFO 
                o.s.d.r.c.RepositoryConfigurationDelegate
                - Finished Spring Data repository scanning in 310 ms. Found 1 JPA repository interface.
2026-06-02 17:44:59
                INFO 
                o.s.d.r.c.RepositoryConfigurationDelegate
                - Multiple Spring Data modules found, entering strict repository configuration mode
2026-06-02 17:44:59
                INFO 
                o.s.d.r.c.RepositoryConfigurationDelegate
                - Bootstrapping Spring Data Redis repositories in DEFAULT mode.
2026-06-02 17:44:59
                INFO 
                o.s.d.r.c.RepositoryConfigurationExtensionSupport
                - Spring Data Redis - Could not safely identify store assignment for repository candidate interface com.allianz.insurance.repository.UserRepository; If you want this repository to be a Redis repository, consider annotating your entities with one of these annotations: org.springframework.data.redis.core.RedisHash (preferred), or consider extending one of the following types with your repository: org.springframework.data.keyvalue.repository.KeyValueRepository
2026-06-02 17:44:59
                INFO 
                o.s.d.r.c.RepositoryConfigurationDelegate
                - Finished Spring Data repository scanning in 15 ms. Found 0 Redis repository interfaces.
2026-06-02 17:45:01
                INFO 
                o.s.b.w.e.tomcat.TomcatWebServer
                - Tomcat initialized with port 8080 (http)
2026-06-02 17:45:01
                INFO 
                o.a.coyote.http11.Http11NioProtocol
                - Initializing ProtocolHandler ["http-nio-8080"]
2026-06-02 17:45:01
                INFO 
                o.a.catalina.core.StandardService
                - Starting service [Tomcat]
2026-06-02 17:45:01
                INFO 
                o.a.catalina.core.StandardEngine
                - Starting Servlet engine: [Apache Tomcat/10.1.54]
2026-06-02 17:45:01
                INFO 
                o.a.c.c.C.[Tomcat].[localhost].[/]
                - Initializing Spring embedded WebApplicationContext
2026-06-02 17:45:01
                INFO 
                o.s.b.w.s.c.ServletWebServerApplicationContext
                - Root WebApplicationContext: initialization completed in 5273 ms
2026-06-02 17:45:02
                INFO 
                o.h.jpa.internal.util.LogHelper
                - HHH000204: Processing PersistenceUnitInfo [name: default]
2026-06-02 17:45:02
                INFO 
                org.hibernate.Version
                - HHH000412: Hibernate ORM core version 6.6.49.Final
2026-06-02 17:45:02
                INFO 
                o.h.c.i.RegionFactoryInitiator
                - HHH000026: Second-level cache disabled
2026-06-02 17:45:03
                INFO 
                o.s.o.j.p.SpringPersistenceUnitInfo
                - No LoadTimeWeaver setup: ignoring JPA class transformer
2026-06-02 17:45:03
                INFO 
                com.zaxxer.hikari.HikariDataSource
                - HikariPool-1 - Starting...
2026-06-02 17:45:04
                INFO 
                com.zaxxer.hikari.pool.HikariPool
                - HikariPool-1 - Added connection com.mysql.cj.jdbc.ConnectionImpl@1322185
2026-06-02 17:45:04
                INFO 
                com.zaxxer.hikari.HikariDataSource
                - HikariPool-1 - Start completed.
2026-06-02 17:45:04
                INFO 
                o.hibernate.orm.connections.pooling
                - HHH10001005: Database info:
	Database JDBC URL [Connecting through datasource 'HikariDataSource (HikariPool-1)']
	Database driver: undefined/unknown
	Database version: 8.0.41
	Autocommit mode: undefined/unknown
	Isolation level: undefined/unknown
	Minimum pool size: undefined/unknown
	Maximum pool size: undefined/unknown
2026-06-02 17:45:06
                INFO 
                o.h.e.t.j.p.i.JtaPlatformInitiator
                - HHH000489: No JTA platform available (set 'hibernate.transaction.jta.platform' to enable JTA platform integration)
2026-06-02 17:45:07
                INFO 
                o.s.o.j.LocalContainerEntityManagerFactoryBean
                - Initialized JPA EntityManagerFactory for persistence unit 'default'
2026-06-02 17:45:07
                WARN 
                o.s.b.a.o.j.JpaBaseConfiguration$JpaWebConfiguration
                - spring.jpa.open-in-view is enabled by default. Therefore, database queries may be performed during view rendering. Explicitly configure spring.jpa.open-in-view to disable this warning
2026-06-02 17:45:09
                WARN 
                o.s.b.a.s.s.UserDetailsServiceAutoConfiguration
                - 

Using generated security password: f67f4150-a683-4a5c-ac6d-631e1b00964f

This generated password is for development use only. Your security configuration must be updated before running your application in production.

2026-06-02 17:45:09
                INFO 
                o.s.s.c.a.a.c.InitializeUserDetailsBeanManagerConfigurer$InitializeUserDetailsManagerConfigurer
                - Global AuthenticationManager configured with UserDetailsService bean with name inMemoryUserDetailsManager
2026-06-02 17:45:09
                INFO 
                o.s.b.a.e.web.EndpointLinksResolver
                - Exposing 1 endpoint beneath base path '/actuator'
2026-06-02 17:45:10
                WARN 
                o.s.b.d.a.OptionalLiveReloadServer
                - Unable to start LiveReload server
2026-06-02 17:45:10
                INFO 
                o.a.coyote.http11.Http11NioProtocol
                - Starting ProtocolHandler ["http-nio-8080"]
2026-06-02 17:45:10
                WARN 
                o.s.b.w.s.c.AnnotationConfigServletWebServerApplicationContext
                - Exception encountered during context initialization - cancelling refresh attempt: org.springframework.context.ApplicationContextException: Failed to start bean 'webServerStartStop'
2026-06-02 17:45:10
                INFO 
                o.s.o.j.LocalContainerEntityManagerFactoryBean
                - Closing JPA EntityManagerFactory for persistence unit 'default'
2026-06-02 17:45:10
                INFO 
                com.zaxxer.hikari.HikariDataSource
                - HikariPool-1 - Shutdown initiated...
2026-06-02 17:45:10
                INFO 
                com.zaxxer.hikari.HikariDataSource
                - HikariPool-1 - Shutdown completed.
2026-06-02 17:45:10
                INFO 
                o.s.b.a.l.ConditionEvaluationReportLogger
                - 

Error starting ApplicationContext. To display the condition evaluation report re-run your application with 'debug' enabled.
2026-06-02 17:45:10
                ERROR
                o.s.b.d.LoggingFailureAnalysisReporter
                - 

***************************
APPLICATION FAILED TO START
***************************

Description:

Web server failed to start. Port 8080 was already in use.

Action:

Identify and stop the process that's listening on port 8080 or configure this application to listen on another port.

2026-06-02 17:45:36
                INFO 
                o.h.validator.internal.util.Version
                - HV000001: Hibernate Validator 8.0.3.Final
2026-06-02 17:45:36
                INFO 
                c.a.insurance.InsuranceApplication
                - Starting InsuranceApplication using Java 23.0.1 with PID 9736 (D:\insurance\target\classes started by Ashutosh Rajput in D:\insurance)
2026-06-02 17:45:36
                INFO 
                c.a.insurance.InsuranceApplication
                - No active profile set, falling back to 1 default profile: "default"
2026-06-02 17:45:37
                INFO 
                o.s.b.d.e.DevToolsPropertyDefaultsPostProcessor
                - Devtools property defaults active! Set 'spring.devtools.add-properties' to 'false' to disable
2026-06-02 17:45:37
                INFO 
                o.s.b.d.e.DevToolsPropertyDefaultsPostProcessor
                - For additional web related logging consider setting the 'logging.level.web' property to 'DEBUG'
2026-06-02 17:45:39
                INFO 
                o.s.d.r.c.RepositoryConfigurationDelegate
                - Multiple Spring Data modules found, entering strict repository configuration mode
2026-06-02 17:45:39
                INFO 
                o.s.d.r.c.RepositoryConfigurationDelegate
                - Bootstrapping Spring Data JPA repositories in DEFAULT mode.
2026-06-02 17:45:40
                INFO 
                o.s.d.r.c.RepositoryConfigurationDelegate
                - Finished Spring Data repository scanning in 435 ms. Found 1 JPA repository interface.
2026-06-02 17:45:40
                INFO 
                o.s.d.r.c.RepositoryConfigurationDelegate
                - Multiple Spring Data modules found, entering strict repository configuration mode
2026-06-02 17:45:40
                INFO 
                o.s.d.r.c.RepositoryConfigurationDelegate
                - Bootstrapping Spring Data Redis repositories in DEFAULT mode.
2026-06-02 17:45:40
                INFO 
                o.s.d.r.c.RepositoryConfigurationExtensionSupport
                - Spring Data Redis - Could not safely identify store assignment for repository candidate interface com.allianz.insurance.repository.UserRepository; If you want this repository to be a Redis repository, consider annotating your entities with one of these annotations: org.springframework.data.redis.core.RedisHash (preferred), or consider extending one of the following types with your repository: org.springframework.data.keyvalue.repository.KeyValueRepository
2026-06-02 17:45:40
                INFO 
                o.s.d.r.c.RepositoryConfigurationDelegate
                - Finished Spring Data repository scanning in 14 ms. Found 0 Redis repository interfaces.
2026-06-02 17:45:42
                INFO 
                o.s.b.w.e.tomcat.TomcatWebServer
                - Tomcat initialized with port 8080 (http)
2026-06-02 17:45:42
                INFO 
                o.a.coyote.http11.Http11NioProtocol
                - Initializing ProtocolHandler ["http-nio-8080"]
2026-06-02 17:45:42
                INFO 
                o.a.catalina.core.StandardService
                - Starting service [Tomcat]
2026-06-02 17:45:42
                INFO 
                o.a.catalina.core.StandardEngine
                - Starting Servlet engine: [Apache Tomcat/10.1.54]
2026-06-02 17:45:42
                INFO 
                o.a.c.c.C.[Tomcat].[localhost].[/]
                - Initializing Spring embedded WebApplicationContext
2026-06-02 17:45:42
                INFO 
                o.s.b.w.s.c.ServletWebServerApplicationContext
                - Root WebApplicationContext: initialization completed in 5184 ms
2026-06-02 17:45:43
                INFO 
                o.h.jpa.internal.util.LogHelper
                - HHH000204: Processing PersistenceUnitInfo [name: default]
2026-06-02 17:45:43
                INFO 
                org.hibernate.Version
                - HHH000412: Hibernate ORM core version 6.6.49.Final
2026-06-02 17:45:43
                INFO 
                o.h.c.i.RegionFactoryInitiator
                - HHH000026: Second-level cache disabled
2026-06-02 17:45:43
                INFO 
                o.s.o.j.p.SpringPersistenceUnitInfo
                - No LoadTimeWeaver setup: ignoring JPA class transformer
2026-06-02 17:45:44
                INFO 
                com.zaxxer.hikari.HikariDataSource
                - HikariPool-1 - Starting...
2026-06-02 17:45:45
                INFO 
                com.zaxxer.hikari.pool.HikariPool
                - HikariPool-1 - Added connection com.mysql.cj.jdbc.ConnectionImpl@52e65912
2026-06-02 17:45:45
                INFO 
                com.zaxxer.hikari.HikariDataSource
                - HikariPool-1 - Start completed.
2026-06-02 17:45:45
                INFO 
                o.hibernate.orm.connections.pooling
                - HHH10001005: Database info:
	Database JDBC URL [Connecting through datasource 'HikariDataSource (HikariPool-1)']
	Database driver: undefined/unknown
	Database version: 8.0.41
	Autocommit mode: undefined/unknown
	Isolation level: undefined/unknown
	Minimum pool size: undefined/unknown
	Maximum pool size: undefined/unknown
2026-06-02 17:45:47
                INFO 
                o.h.e.t.j.p.i.JtaPlatformInitiator
                - HHH000489: No JTA platform available (set 'hibernate.transaction.jta.platform' to enable JTA platform integration)
2026-06-02 17:45:47
                INFO 
                o.s.o.j.LocalContainerEntityManagerFactoryBean
                - Initialized JPA EntityManagerFactory for persistence unit 'default'
2026-06-02 17:45:48
                WARN 
                o.s.b.a.o.j.JpaBaseConfiguration$JpaWebConfiguration
                - spring.jpa.open-in-view is enabled by default. Therefore, database queries may be performed during view rendering. Explicitly configure spring.jpa.open-in-view to disable this warning
2026-06-02 17:45:50
                WARN 
                o.s.b.a.s.s.UserDetailsServiceAutoConfiguration
                - 

Using generated security password: 61e9901d-3693-4fe0-9e26-657d460bbcf3

This generated password is for development use only. Your security configuration must be updated before running your application in production.

2026-06-02 17:45:50
                INFO 
                o.s.s.c.a.a.c.InitializeUserDetailsBeanManagerConfigurer$InitializeUserDetailsManagerConfigurer
                - Global AuthenticationManager configured with UserDetailsService bean with name inMemoryUserDetailsManager
2026-06-02 17:45:51
                INFO 
                o.s.b.a.e.web.EndpointLinksResolver
                - Exposing 1 endpoint beneath base path '/actuator'
2026-06-02 17:45:51
                INFO 
                o.s.b.d.a.OptionalLiveReloadServer
                - LiveReload server is running on port 35729
2026-06-02 17:45:52
                INFO 
                o.a.coyote.http11.Http11NioProtocol
                - Starting ProtocolHandler ["http-nio-8080"]
2026-06-02 17:45:52
                INFO 
                o.s.b.w.e.tomcat.TomcatWebServer
                - Tomcat started on port 8080 (http) with context path '/'
2026-06-02 17:45:52
                INFO 
                c.a.insurance.InsuranceApplication
                - Started InsuranceApplication in 16.856 seconds (process running for 18.174)
2026-06-02 17:45:52
                INFO 
                c.a.insurance.service.UserService
                - User service started
2026-06-02 17:45:52
                WARN 
                c.a.insurance.service.UserService
                - Warning log
2026-06-02 17:45:52
                ERROR
                c.a.insurance.service.UserService
                - Error log
2026-06-02 17:46:16
                INFO 
                o.s.b.w.e.tomcat.GracefulShutdown
                - Commencing graceful shutdown. Waiting for active requests to complete
2026-06-02 17:46:16
                INFO 
                o.s.b.w.e.tomcat.GracefulShutdown
                - Graceful shutdown complete
2026-06-02 17:46:16
                INFO 
                o.s.o.j.LocalContainerEntityManagerFactoryBean
                - Closing JPA EntityManagerFactory for persistence unit 'default'
2026-06-02 17:46:16
                INFO 
                com.zaxxer.hikari.HikariDataSource
                - HikariPool-1 - Shutdown initiated...
2026-06-02 17:46:16
                INFO 
                com.zaxxer.hikari.HikariDataSource
                - HikariPool-1 - Shutdown completed.
2026-06-02 17:46:22
                INFO 
                o.h.validator.internal.util.Version
                - HV000001: Hibernate Validator 8.0.3.Final
2026-06-02 17:46:22
                INFO 
                c.a.insurance.InsuranceApplication
                - Starting InsuranceApplication using Java 23.0.1 with PID 28268 (D:\insurance\target\classes started by Ashutosh Rajput in D:\insurance)
2026-06-02 17:46:22
                INFO 
                c.a.insurance.InsuranceApplication
                - No active profile set, falling back to 1 default profile: "default"
2026-06-02 17:46:22
                INFO 
                o.s.b.d.e.DevToolsPropertyDefaultsPostProcessor
                - Devtools property defaults active! Set 'spring.devtools.add-properties' to 'false' to disable
2026-06-02 17:46:22
                INFO 
                o.s.b.d.e.DevToolsPropertyDefaultsPostProcessor
                - For additional web related logging consider setting the 'logging.level.web' property to 'DEBUG'
2026-06-02 17:46:25
                INFO 
                o.s.d.r.c.RepositoryConfigurationDelegate
                - Multiple Spring Data modules found, entering strict repository configuration mode
2026-06-02 17:46:25
                INFO 
                o.s.d.r.c.RepositoryConfigurationDelegate
                - Bootstrapping Spring Data JPA repositories in DEFAULT mode.
2026-06-02 17:46:26
                INFO 
                o.s.d.r.c.RepositoryConfigurationDelegate
                - Finished Spring Data repository scanning in 269 ms. Found 1 JPA repository interface.
2026-06-02 17:46:26
                INFO 
                o.s.d.r.c.RepositoryConfigurationDelegate
                - Multiple Spring Data modules found, entering strict repository configuration mode
2026-06-02 17:46:26
                INFO 
                o.s.d.r.c.RepositoryConfigurationDelegate
                - Bootstrapping Spring Data Redis repositories in DEFAULT mode.
2026-06-02 17:46:26
                INFO 
                o.s.d.r.c.RepositoryConfigurationExtensionSupport
                - Spring Data Redis - Could not safely identify store assignment for repository candidate interface com.allianz.insurance.repository.UserRepository; If you want this repository to be a Redis repository, consider annotating your entities with one of these annotations: org.springframework.data.redis.core.RedisHash (preferred), or consider extending one of the following types with your repository: org.springframework.data.keyvalue.repository.KeyValueRepository
2026-06-02 17:46:26
                INFO 
                o.s.d.r.c.RepositoryConfigurationDelegate
                - Finished Spring Data repository scanning in 18 ms. Found 0 Redis repository interfaces.
2026-06-02 17:46:27
                INFO 
                o.s.b.w.e.tomcat.TomcatWebServer
                - Tomcat initialized with port 8080 (http)
2026-06-02 17:46:27
                INFO 
                o.a.coyote.http11.Http11NioProtocol
                - Initializing ProtocolHandler ["http-nio-8080"]
2026-06-02 17:46:27
                INFO 
                o.a.catalina.core.StandardService
                - Starting service [Tomcat]
2026-06-02 17:46:27
                INFO 
                o.a.catalina.core.StandardEngine
                - Starting Servlet engine: [Apache Tomcat/10.1.54]
2026-06-02 17:46:28
                INFO 
                o.a.c.c.C.[Tomcat].[localhost].[/]
                - Initializing Spring embedded WebApplicationContext
2026-06-02 17:46:28
                INFO 
                o.s.b.w.s.c.ServletWebServerApplicationContext
                - Root WebApplicationContext: initialization completed in 5153 ms
2026-06-02 17:46:28
                INFO 
                o.h.jpa.internal.util.LogHelper
                - HHH000204: Processing PersistenceUnitInfo [name: default]
2026-06-02 17:46:28
                INFO 
                org.hibernate.Version
                - HHH000412: Hibernate ORM core version 6.6.49.Final
2026-06-02 17:46:28
                INFO 
                o.h.c.i.RegionFactoryInitiator
                - HHH000026: Second-level cache disabled
2026-06-02 17:46:29
                INFO 
                o.s.o.j.p.SpringPersistenceUnitInfo
                - No LoadTimeWeaver setup: ignoring JPA class transformer
2026-06-02 17:46:29
                INFO 
                com.zaxxer.hikari.HikariDataSource
                - HikariPool-1 - Starting...
2026-06-02 17:46:30
                INFO 
                com.zaxxer.hikari.pool.HikariPool
                - HikariPool-1 - Added connection com.mysql.cj.jdbc.ConnectionImpl@1322185
2026-06-02 17:46:30
                INFO 
                com.zaxxer.hikari.HikariDataSource
                - HikariPool-1 - Start completed.
2026-06-02 17:46:30
                INFO 
                o.hibernate.orm.connections.pooling
                - HHH10001005: Database info:
	Database JDBC URL [Connecting through datasource 'HikariDataSource (HikariPool-1)']
	Database driver: undefined/unknown
	Database version: 8.0.41
	Autocommit mode: undefined/unknown
	Isolation level: undefined/unknown
	Minimum pool size: undefined/unknown
	Maximum pool size: undefined/unknown
2026-06-02 17:46:32
                INFO 
                o.h.e.t.j.p.i.JtaPlatformInitiator
                - HHH000489: No JTA platform available (set 'hibernate.transaction.jta.platform' to enable JTA platform integration)
2026-06-02 17:46:32
                INFO 
                o.s.o.j.LocalContainerEntityManagerFactoryBean
                - Initialized JPA EntityManagerFactory for persistence unit 'default'
2026-06-02 17:46:33
                WARN 
                o.s.b.a.o.j.JpaBaseConfiguration$JpaWebConfiguration
                - spring.jpa.open-in-view is enabled by default. Therefore, database queries may be performed during view rendering. Explicitly configure spring.jpa.open-in-view to disable this warning
2026-06-02 17:46:35
                WARN 
                o.s.b.a.s.s.UserDetailsServiceAutoConfiguration
                - 

Using generated security password: 9fdc8d09-ac18-47b8-9fd7-a4290e2708b8

This generated password is for development use only. Your security configuration must be updated before running your application in production.

2026-06-02 17:46:35
                INFO 
                o.s.s.c.a.a.c.InitializeUserDetailsBeanManagerConfigurer$InitializeUserDetailsManagerConfigurer
                - Global AuthenticationManager configured with UserDetailsService bean with name inMemoryUserDetailsManager
2026-06-02 17:46:36
                INFO 
                o.s.b.a.e.web.EndpointLinksResolver
                - Exposing 1 endpoint beneath base path '/actuator'
2026-06-02 17:46:36
                INFO 
                o.s.b.d.a.OptionalLiveReloadServer
                - LiveReload server is running on port 35729
2026-06-02 17:46:36
                INFO 
                o.a.coyote.http11.Http11NioProtocol
                - Starting ProtocolHandler ["http-nio-8080"]
2026-06-02 17:46:36
                INFO 
                o.s.b.w.e.tomcat.TomcatWebServer
                - Tomcat started on port 8080 (http) with context path '/'
2026-06-02 17:46:36
                INFO 
                c.a.insurance.InsuranceApplication
                - Started InsuranceApplication in 15.841 seconds (process running for 17.177)
2026-06-02 17:46:37
                INFO 
                c.a.insurance.service.UserService
                - User service started
2026-06-02 17:46:37
                WARN 
                c.a.insurance.service.UserService
                - Warning log
2026-06-02 17:46:37
                ERROR
                c.a.insurance.service.UserService
                - Error log
2026-06-02 20:30:17
                WARN 
                com.zaxxer.hikari.pool.HikariPool
                - HikariPool-1 - Thread starvation or clock leap detected (housekeeper delta=2h17m45s828ms631µs900ns).
2026-06-02 20:45:44
                INFO 
                o.s.b.w.e.tomcat.GracefulShutdown
                - Commencing graceful shutdown. Waiting for active requests to complete
2026-06-02 20:45:44
                INFO 
                o.s.b.w.e.tomcat.GracefulShutdown
                - Graceful shutdown complete
2026-06-02 20:45:44
                INFO 
                o.s.o.j.LocalContainerEntityManagerFactoryBean
                - Closing JPA EntityManagerFactory for persistence unit 'default'
2026-06-02 20:45:45
                INFO 
                com.zaxxer.hikari.HikariDataSource
                - HikariPool-1 - Shutdown initiated...
2026-06-02 20:45:45
                INFO 
                com.zaxxer.hikari.HikariDataSource
                - HikariPool-1 - Shutdown completed.
2026-06-02 20:46:01
                INFO 
                o.h.validator.internal.util.Version
                - HV000001: Hibernate Validator 8.0.3.Final
2026-06-02 20:46:02
                INFO 
                c.a.insurance.InsuranceApplication
                - Starting InsuranceApplication using Java 23.0.1 with PID 9988 (D:\insurance\target\classes started by Ashutosh Rajput in D:\insurance)
2026-06-02 20:46:02
                INFO 
                c.a.insurance.InsuranceApplication
                - No active profile set, falling back to 1 default profile: "default"
2026-06-02 20:46:02
                INFO 
                o.s.b.d.e.DevToolsPropertyDefaultsPostProcessor
                - Devtools property defaults active! Set 'spring.devtools.add-properties' to 'false' to disable
2026-06-02 20:46:02
                INFO 
                o.s.b.d.e.DevToolsPropertyDefaultsPostProcessor
                - For additional web related logging consider setting the 'logging.level.web' property to 'DEBUG'
2026-06-02 20:46:05
                INFO 
                o.s.d.r.c.RepositoryConfigurationDelegate
                - Multiple Spring Data modules found, entering strict repository configuration mode
2026-06-02 20:46:05
                INFO 
                o.s.d.r.c.RepositoryConfigurationDelegate
                - Bootstrapping Spring Data JPA repositories in DEFAULT mode.
2026-06-02 20:46:06
                INFO 
                o.s.d.r.c.RepositoryConfigurationDelegate
                - Finished Spring Data repository scanning in 398 ms. Found 1 JPA repository interface.
2026-06-02 20:46:06
                INFO 
                o.s.d.r.c.RepositoryConfigurationDelegate
                - Multiple Spring Data modules found, entering strict repository configuration mode
2026-06-02 20:46:06
                INFO 
                o.s.d.r.c.RepositoryConfigurationDelegate
                - Bootstrapping Spring Data Redis repositories in DEFAULT mode.
2026-06-02 20:46:06
                INFO 
                o.s.d.r.c.RepositoryConfigurationExtensionSupport
                - Spring Data Redis - Could not safely identify store assignment for repository candidate interface com.allianz.insurance.repository.UserRepository; If you want this repository to be a Redis repository, consider annotating your entities with one of these annotations: org.springframework.data.redis.core.RedisHash (preferred), or consider extending one of the following types with your repository: org.springframework.data.keyvalue.repository.KeyValueRepository
2026-06-02 20:46:06
                INFO 
                o.s.d.r.c.RepositoryConfigurationDelegate
                - Finished Spring Data repository scanning in 17 ms. Found 0 Redis repository interfaces.
2026-06-02 20:46:08
                INFO 
                o.s.b.w.e.tomcat.TomcatWebServer
                - Tomcat initialized with port 8080 (http)
2026-06-02 20:46:08
                INFO 
                o.a.coyote.http11.Http11NioProtocol
                - Initializing ProtocolHandler ["http-nio-8080"]
2026-06-02 20:46:08
                INFO 
                o.a.catalina.core.StandardService
                - Starting service [Tomcat]
2026-06-02 20:46:08
                INFO 
                o.a.catalina.core.StandardEngine
                - Starting Servlet engine: [Apache Tomcat/10.1.54]
2026-06-02 20:46:08
                INFO 
                o.a.c.c.C.[Tomcat].[localhost].[/]
                - Initializing Spring embedded WebApplicationContext
2026-06-02 20:46:08
                INFO 
                o.s.b.w.s.c.ServletWebServerApplicationContext
                - Root WebApplicationContext: initialization completed in 6370 ms
2026-06-02 20:46:09
                INFO 
                o.h.jpa.internal.util.LogHelper
                - HHH000204: Processing PersistenceUnitInfo [name: default]
2026-06-02 20:46:09
                INFO 
                org.hibernate.Version
                - HHH000412: Hibernate ORM core version 6.6.49.Final
2026-06-02 20:46:09
                INFO 
                o.h.c.i.RegionFactoryInitiator
                - HHH000026: Second-level cache disabled
2026-06-02 20:46:10
                INFO 
                o.s.o.j.p.SpringPersistenceUnitInfo
                - No LoadTimeWeaver setup: ignoring JPA class transformer
2026-06-02 20:46:10
                INFO 
                com.zaxxer.hikari.HikariDataSource
                - HikariPool-1 - Starting...
2026-06-02 20:46:11
                INFO 
                com.zaxxer.hikari.pool.HikariPool
                - HikariPool-1 - Added connection com.mysql.cj.jdbc.ConnectionImpl@3c43879
2026-06-02 20:46:11
                INFO 
                com.zaxxer.hikari.HikariDataSource
                - HikariPool-1 - Start completed.
2026-06-02 20:46:12
                INFO 
                o.hibernate.orm.connections.pooling
                - HHH10001005: Database info:
	Database JDBC URL [Connecting through datasource 'HikariDataSource (HikariPool-1)']
	Database driver: undefined/unknown
	Database version: 8.0.41
	Autocommit mode: undefined/unknown
	Isolation level: undefined/unknown
	Minimum pool size: undefined/unknown
	Maximum pool size: undefined/unknown
2026-06-02 20:46:14
                INFO 
                o.h.e.t.j.p.i.JtaPlatformInitiator
                - HHH000489: No JTA platform available (set 'hibernate.transaction.jta.platform' to enable JTA platform integration)
2026-06-02 20:46:15
                INFO 
                o.s.o.j.LocalContainerEntityManagerFactoryBean
                - Initialized JPA EntityManagerFactory for persistence unit 'default'
2026-06-02 20:46:15
                WARN 
                o.s.b.a.o.j.JpaBaseConfiguration$JpaWebConfiguration
                - spring.jpa.open-in-view is enabled by default. Therefore, database queries may be performed during view rendering. Explicitly configure spring.jpa.open-in-view to disable this warning
2026-06-02 20:46:18
                WARN 
                o.s.b.a.s.s.UserDetailsServiceAutoConfiguration
                - 

Using generated security password: c720528b-ef3a-42b5-a13d-a957518f3cee

This generated password is for development use only. Your security configuration must be updated before running your application in production.

2026-06-02 20:46:18
                INFO 
                o.s.s.c.a.a.c.InitializeUserDetailsBeanManagerConfigurer$InitializeUserDetailsManagerConfigurer
                - Global AuthenticationManager configured with UserDetailsService bean with name inMemoryUserDetailsManager
2026-06-02 20:46:18
                INFO 
                o.s.b.a.e.web.EndpointLinksResolver
                - Exposing 1 endpoint beneath base path '/actuator'
2026-06-02 20:46:19
                INFO 
                o.s.b.d.a.OptionalLiveReloadServer
                - LiveReload server is running on port 35729
2026-06-02 20:46:19
                INFO 
                o.a.coyote.http11.Http11NioProtocol
                - Starting ProtocolHandler ["http-nio-8080"]
2026-06-02 20:46:19
                INFO 
                o.s.b.w.e.tomcat.TomcatWebServer
                - Tomcat started on port 8080 (http) with context path '/'
2026-06-02 20:46:19
                INFO 
                c.a.insurance.InsuranceApplication
                - Started InsuranceApplication in 19.15 seconds (process running for 20.809)
2026-06-02 20:46:48
                INFO 
                o.a.c.c.C.[Tomcat].[localhost].[/]
                - Initializing Spring DispatcherServlet 'dispatcherServlet'
2026-06-02 20:46:48
                INFO 
                o.s.web.servlet.DispatcherServlet
                - Initializing Servlet 'dispatcherServlet'
2026-06-02 20:46:48
                INFO 
                o.s.web.servlet.DispatcherServlet
                - Completed initialization in 8 ms
2026-06-02 20:48:23
                INFO 
                o.s.b.w.e.tomcat.GracefulShutdown
                - Commencing graceful shutdown. Waiting for active requests to complete
2026-06-02 20:48:23
                INFO 
                o.s.b.w.e.tomcat.GracefulShutdown
                - Graceful shutdown complete
2026-06-02 20:48:23
                INFO 
                o.s.o.j.LocalContainerEntityManagerFactoryBean
                - Closing JPA EntityManagerFactory for persistence unit 'default'
2026-06-02 20:48:23
                INFO 
                com.zaxxer.hikari.HikariDataSource
                - HikariPool-1 - Shutdown initiated...
2026-06-02 20:48:23
                INFO 
                com.zaxxer.hikari.HikariDataSource
                - HikariPool-1 - Shutdown completed.
2026-06-02 20:48:36
                INFO 
                o.h.validator.internal.util.Version
                - HV000001: Hibernate Validator 8.0.3.Final
2026-06-02 20:48:36
                INFO 
                c.a.insurance.InsuranceApplication
                - Starting InsuranceApplication using Java 23.0.1 with PID 22404 (D:\insurance\target\classes started by Ashutosh Rajput in D:\insurance)
2026-06-02 20:48:36
                INFO 
                c.a.insurance.InsuranceApplication
                - No active profile set, falling back to 1 default profile: "default"
2026-06-02 20:48:37
                INFO 
                o.s.b.d.e.DevToolsPropertyDefaultsPostProcessor
                - Devtools property defaults active! Set 'spring.devtools.add-properties' to 'false' to disable
2026-06-02 20:48:37
                INFO 
                o.s.b.d.e.DevToolsPropertyDefaultsPostProcessor
                - For additional web related logging consider setting the 'logging.level.web' property to 'DEBUG'
2026-06-02 20:48:40
                INFO 
                o.s.d.r.c.RepositoryConfigurationDelegate
                - Multiple Spring Data modules found, entering strict repository configuration mode
2026-06-02 20:48:40
                INFO 
                o.s.d.r.c.RepositoryConfigurationDelegate
                - Bootstrapping Spring Data JPA repositories in DEFAULT mode.
2026-06-02 20:48:40
                INFO 
                o.s.d.r.c.RepositoryConfigurationDelegate
                - Finished Spring Data repository scanning in 297 ms. Found 1 JPA repository interface.
2026-06-02 20:48:40
                INFO 
                o.s.d.r.c.RepositoryConfigurationDelegate
                - Multiple Spring Data modules found, entering strict repository configuration mode
2026-06-02 20:48:40
                INFO 
                o.s.d.r.c.RepositoryConfigurationDelegate
                - Bootstrapping Spring Data Redis repositories in DEFAULT mode.
2026-06-02 20:48:40
                INFO 
                o.s.d.r.c.RepositoryConfigurationExtensionSupport
                - Spring Data Redis - Could not safely identify store assignment for repository candidate interface com.allianz.insurance.repository.UserRepository; If you want this repository to be a Redis repository, consider annotating your entities with one of these annotations: org.springframework.data.redis.core.RedisHash (preferred), or consider extending one of the following types with your repository: org.springframework.data.keyvalue.repository.KeyValueRepository
2026-06-02 20:48:40
                INFO 
                o.s.d.r.c.RepositoryConfigurationDelegate
                - Finished Spring Data repository scanning in 23 ms. Found 0 Redis repository interfaces.
2026-06-02 20:48:42
                INFO 
                o.s.b.w.e.tomcat.TomcatWebServer
                - Tomcat initialized with port 8080 (http)
2026-06-02 20:48:42
                INFO 
                o.a.coyote.http11.Http11NioProtocol
                - Initializing ProtocolHandler ["http-nio-8080"]
2026-06-02 20:48:42
                INFO 
                o.a.catalina.core.StandardService
                - Starting service [Tomcat]
2026-06-02 20:48:42
                INFO 
                o.a.catalina.core.StandardEngine
                - Starting Servlet engine: [Apache Tomcat/10.1.54]
2026-06-02 20:48:42
                INFO 
                o.a.c.c.C.[Tomcat].[localhost].[/]
                - Initializing Spring embedded WebApplicationContext
2026-06-02 20:48:42
                INFO 
                o.s.b.w.s.c.ServletWebServerApplicationContext
                - Root WebApplicationContext: initialization completed in 5629 ms
2026-06-02 20:48:43
                INFO 
                o.h.jpa.internal.util.LogHelper
                - HHH000204: Processing PersistenceUnitInfo [name: default]
2026-06-02 20:48:43
                INFO 
                org.hibernate.Version
                - HHH000412: Hibernate ORM core version 6.6.49.Final
2026-06-02 20:48:43
                INFO 
                o.h.c.i.RegionFactoryInitiator
                - HHH000026: Second-level cache disabled
2026-06-02 20:48:44
                INFO 
                o.s.o.j.p.SpringPersistenceUnitInfo
                - No LoadTimeWeaver setup: ignoring JPA class transformer
2026-06-02 20:48:44
                INFO 
                com.zaxxer.hikari.HikariDataSource
                - HikariPool-1 - Starting...
2026-06-02 20:48:45
                INFO 
                com.zaxxer.hikari.pool.HikariPool
                - HikariPool-1 - Added connection com.mysql.cj.jdbc.ConnectionImpl@5a8c41a0
2026-06-02 20:48:45
                INFO 
                com.zaxxer.hikari.HikariDataSource
                - HikariPool-1 - Start completed.
2026-06-02 20:48:46
                INFO 
                o.hibernate.orm.connections.pooling
                - HHH10001005: Database info:
	Database JDBC URL [Connecting through datasource 'HikariDataSource (HikariPool-1)']
	Database driver: undefined/unknown
	Database version: 8.0.41
	Autocommit mode: undefined/unknown
	Isolation level: undefined/unknown
	Minimum pool size: undefined/unknown
	Maximum pool size: undefined/unknown
2026-06-02 20:48:48
                INFO 
                o.h.e.t.j.p.i.JtaPlatformInitiator
                - HHH000489: No JTA platform available (set 'hibernate.transaction.jta.platform' to enable JTA platform integration)
2026-06-02 20:48:48
                INFO 
                o.s.o.j.LocalContainerEntityManagerFactoryBean
                - Initialized JPA EntityManagerFactory for persistence unit 'default'
2026-06-02 20:48:49
                WARN 
                o.s.b.a.o.j.JpaBaseConfiguration$JpaWebConfiguration
                - spring.jpa.open-in-view is enabled by default. Therefore, database queries may be performed during view rendering. Explicitly configure spring.jpa.open-in-view to disable this warning
2026-06-02 20:48:49
                WARN 
                o.s.b.a.s.s.UserDetailsServiceAutoConfiguration
                - 

Using generated security password: 1550dc26-16ae-4038-8e8d-d7af1b46f003

This generated password is for development use only. Your security configuration must be updated before running your application in production.

2026-06-02 20:48:49
                INFO 
                o.s.s.c.a.a.c.InitializeUserDetailsBeanManagerConfigurer$InitializeUserDetailsManagerConfigurer
                - Global AuthenticationManager configured with UserDetailsService bean with name inMemoryUserDetailsManager
2026-06-02 20:48:51
                INFO 
                o.s.b.a.e.web.EndpointLinksResolver
                - Exposing 1 endpoint beneath base path '/actuator'
2026-06-02 20:48:52
                INFO 
                o.s.b.d.a.OptionalLiveReloadServer
                - LiveReload server is running on port 35729
2026-06-02 20:48:52
                INFO 
                o.a.coyote.http11.Http11NioProtocol
                - Starting ProtocolHandler ["http-nio-8080"]
2026-06-02 20:48:52
                INFO 
                o.s.b.w.e.tomcat.TomcatWebServer
                - Tomcat started on port 8080 (http) with context path '/'
2026-06-02 20:48:52
                INFO 
                c.a.insurance.InsuranceApplication
                - Started InsuranceApplication in 17.61 seconds (process running for 19.202)
2026-06-02 20:49:18
                INFO 
                o.a.c.c.C.[Tomcat].[localhost].[/]
                - Initializing Spring DispatcherServlet 'dispatcherServlet'
2026-06-02 20:49:18
                INFO 
                o.s.web.servlet.DispatcherServlet
                - Initializing Servlet 'dispatcherServlet'
2026-06-02 20:49:18
                INFO 
                o.s.web.servlet.DispatcherServlet
                - Completed initialization in 6 ms
2026-06-02 20:49:19
                INFO 
                c.a.i.controller.AuthController
                - Received register API request for email: admin@gmail.com
2026-06-02 20:49:19
                INFO 
                c.a.insurance.service.UserService
                - Registration request received for email: admin@gmail.com
2026-06-02 20:49:20
                INFO 
                c.a.insurance.service.UserService
                - User registered successfully with email: admin@gmail.com
2026-06-02 20:49:20
                INFO 
                c.a.i.controller.AuthController
                - Register API completed successfully for email: admin@gmail.com
2026-06-02 20:51:15
                INFO 
                o.s.b.w.e.tomcat.GracefulShutdown
                - Commencing graceful shutdown. Waiting for active requests to complete
2026-06-02 20:51:15
                INFO 
                o.s.b.w.e.tomcat.GracefulShutdown
                - Graceful shutdown complete
2026-06-02 20:51:15
                INFO 
                o.s.o.j.LocalContainerEntityManagerFactoryBean
                - Closing JPA EntityManagerFactory for persistence unit 'default'
2026-06-02 20:51:15
                INFO 
                com.zaxxer.hikari.HikariDataSource
                - HikariPool-1 - Shutdown initiated...
2026-06-02 20:51:15
                INFO 
                com.zaxxer.hikari.HikariDataSource
                - HikariPool-1 - Shutdown completed.
2026-06-02 20:51:27
                INFO 
                o.h.validator.internal.util.Version
                - HV000001: Hibernate Validator 8.0.3.Final
2026-06-02 20:51:27
                INFO 
                c.a.insurance.InsuranceApplication
                - Starting InsuranceApplication using Java 23.0.1 with PID 19832 (D:\insurance\target\classes started by Ashutosh Rajput in D:\insurance)
2026-06-02 20:51:27
                INFO 
                c.a.insurance.InsuranceApplication
                - No active profile set, falling back to 1 default profile: "default"
2026-06-02 20:51:27
                INFO 
                o.s.b.d.e.DevToolsPropertyDefaultsPostProcessor
                - Devtools property defaults active! Set 'spring.devtools.add-properties' to 'false' to disable
2026-06-02 20:51:27
                INFO 
                o.s.b.d.e.DevToolsPropertyDefaultsPostProcessor
                - For additional web related logging consider setting the 'logging.level.web' property to 'DEBUG'
2026-06-02 20:51:31
                INFO 
                o.s.d.r.c.RepositoryConfigurationDelegate
                - Multiple Spring Data modules found, entering strict repository configuration mode
2026-06-02 20:51:31
                INFO 
                o.s.d.r.c.RepositoryConfigurationDelegate
                - Bootstrapping Spring Data JPA repositories in DEFAULT mode.
2026-06-02 20:51:31
                INFO 
                o.s.d.r.c.RepositoryConfigurationDelegate
                - Finished Spring Data repository scanning in 280 ms. Found 1 JPA repository interface.
2026-06-02 20:51:31
                INFO 
                o.s.d.r.c.RepositoryConfigurationDelegate
                - Multiple Spring Data modules found, entering strict repository configuration mode
2026-06-02 20:51:31
                INFO 
                o.s.d.r.c.RepositoryConfigurationDelegate
                - Bootstrapping Spring Data Redis repositories in DEFAULT mode.
2026-06-02 20:51:31
                INFO 
                o.s.d.r.c.RepositoryConfigurationExtensionSupport
                - Spring Data Redis - Could not safely identify store assignment for repository candidate interface com.allianz.insurance.repository.UserRepository; If you want this repository to be a Redis repository, consider annotating your entities with one of these annotations: org.springframework.data.redis.core.RedisHash (preferred), or consider extending one of the following types with your repository: org.springframework.data.keyvalue.repository.KeyValueRepository
2026-06-02 20:51:31
                INFO 
                o.s.d.r.c.RepositoryConfigurationDelegate
                - Finished Spring Data repository scanning in 15 ms. Found 0 Redis repository interfaces.
2026-06-02 20:51:33
                INFO 
                o.s.b.w.e.tomcat.TomcatWebServer
                - Tomcat initialized with port 8080 (http)
2026-06-02 20:51:33
                INFO 
                o.a.coyote.http11.Http11NioProtocol
                - Initializing ProtocolHandler ["http-nio-8080"]
2026-06-02 20:51:33
                INFO 
                o.a.catalina.core.StandardService
                - Starting service [Tomcat]
2026-06-02 20:51:33
                INFO 
                o.a.catalina.core.StandardEngine
                - Starting Servlet engine: [Apache Tomcat/10.1.54]
2026-06-02 20:51:33
                INFO 
                o.a.c.c.C.[Tomcat].[localhost].[/]
                - Initializing Spring embedded WebApplicationContext
2026-06-02 20:51:33
                INFO 
                o.s.b.w.s.c.ServletWebServerApplicationContext
                - Root WebApplicationContext: initialization completed in 6338 ms
2026-06-02 20:51:34
                INFO 
                o.h.jpa.internal.util.LogHelper
                - HHH000204: Processing PersistenceUnitInfo [name: default]
2026-06-02 20:51:34
                INFO 
                org.hibernate.Version
                - HHH000412: Hibernate ORM core version 6.6.49.Final
2026-06-02 20:51:34
                INFO 
                o.h.c.i.RegionFactoryInitiator
                - HHH000026: Second-level cache disabled
2026-06-02 20:51:35
                INFO 
                o.s.o.j.p.SpringPersistenceUnitInfo
                - No LoadTimeWeaver setup: ignoring JPA class transformer
2026-06-02 20:51:35
                INFO 
                com.zaxxer.hikari.HikariDataSource
                - HikariPool-1 - Starting...
2026-06-02 20:51:36
                INFO 
                com.zaxxer.hikari.pool.HikariPool
                - HikariPool-1 - Added connection com.mysql.cj.jdbc.ConnectionImpl@7ad5aaec
2026-06-02 20:51:36
                INFO 
                com.zaxxer.hikari.HikariDataSource
                - HikariPool-1 - Start completed.
2026-06-02 20:51:36
                INFO 
                o.hibernate.orm.connections.pooling
                - HHH10001005: Database info:
	Database JDBC URL [Connecting through datasource 'HikariDataSource (HikariPool-1)']
	Database driver: undefined/unknown
	Database version: 8.0.41
	Autocommit mode: undefined/unknown
	Isolation level: undefined/unknown
	Minimum pool size: undefined/unknown
	Maximum pool size: undefined/unknown
2026-06-02 20:51:39
                INFO 
                o.h.e.t.j.p.i.JtaPlatformInitiator
                - HHH000489: No JTA platform available (set 'hibernate.transaction.jta.platform' to enable JTA platform integration)
2026-06-02 20:51:39
                INFO 
                o.s.o.j.LocalContainerEntityManagerFactoryBean
                - Initialized JPA EntityManagerFactory for persistence unit 'default'
2026-06-02 20:51:40
                WARN 
                o.s.b.a.o.j.JpaBaseConfiguration$JpaWebConfiguration
                - spring.jpa.open-in-view is enabled by default. Therefore, database queries may be performed during view rendering. Explicitly configure spring.jpa.open-in-view to disable this warning
2026-06-02 20:51:40
                WARN 
                o.s.b.a.s.s.UserDetailsServiceAutoConfiguration
                - 

Using generated security password: ee37206b-980b-40c5-a06d-e6270f235010

This generated password is for development use only. Your security configuration must be updated before running your application in production.

2026-06-02 20:51:40
                INFO 
                o.s.s.c.a.a.c.InitializeUserDetailsBeanManagerConfigurer$InitializeUserDetailsManagerConfigurer
                - Global AuthenticationManager configured with UserDetailsService bean with name inMemoryUserDetailsManager
2026-06-02 20:51:41
                INFO 
                o.s.b.a.e.web.EndpointLinksResolver
                - Exposing 1 endpoint beneath base path '/actuator'
2026-06-02 20:51:42
                INFO 
                o.s.b.d.a.OptionalLiveReloadServer
                - LiveReload server is running on port 35729
2026-06-02 20:51:42
                INFO 
                o.a.coyote.http11.Http11NioProtocol
                - Starting ProtocolHandler ["http-nio-8080"]
2026-06-02 20:51:43
                INFO 
                o.s.b.w.e.tomcat.TomcatWebServer
                - Tomcat started on port 8080 (http) with context path '/'
2026-06-02 20:51:43
                INFO 
                c.a.insurance.InsuranceApplication
                - Started InsuranceApplication in 17.432 seconds (process running for 18.752)
2026-06-02 20:52:10
                INFO 
                o.a.c.c.C.[Tomcat].[localhost].[/]
                - Initializing Spring DispatcherServlet 'dispatcherServlet'
2026-06-02 20:52:10
                INFO 
                o.s.web.servlet.DispatcherServlet
                - Initializing Servlet 'dispatcherServlet'
2026-06-02 20:52:10
                INFO 
                o.s.web.servlet.DispatcherServlet
                - Completed initialization in 7 ms
2026-06-02 20:52:11
                INFO 
                c.a.i.controller.AuthController
                - Received register API request for email: admin@gmail.com
2026-06-02 20:52:11
                INFO 
                c.a.insurance.service.UserService
                - Registration request received for email: admin@gmail.com
2026-06-02 20:52:12
                WARN 
                c.a.insurance.service.UserService
                - Registration failed. User already exists with email: admin@gmail.com
2026-06-02 20:52:12
                WARN 
                c.a.i.e.GlobalExceptionHandler
                - Business exception occurred: User already exists with email: admin@gmail.com
2026-06-02 20:52:12
                WARN 
                o.s.w.s.m.m.a.ExceptionHandlerExceptionResolver
                - Resolved [com.allianz.insurance.exception.UserAlreadyExistsException: User already exists with email: admin@gmail.com]
2026-06-02 20:55:00
                ERROR
                c.a.i.e.GlobalExceptionHandler
                - Unexpected exception occurred
org.springframework.web.bind.MethodArgumentNotValidException: Validation failed for argument [0] in public org.springframework.http.ResponseEntity<java.lang.String> com.allianz.insurance.controller.AuthController.register(com.allianz.insurance.dto.auth.RegisterRequest) with 3 errors: [Field error in object 'registerRequest' on field 'password': rejected value [123]; codes [Size.registerRequest.password,Size.password,Size.java.lang.String,Size]; arguments [org.springframework.context.support.DefaultMessageSourceResolvable: codes [registerRequest.password,password]; arguments []; default message [password],2147483647,8]; default message [Password must be at least 8 characters]] [Field error in object 'registerRequest' on field 'username': rejected value []; codes [NotBlank.registerRequest.username,NotBlank.username,NotBlank.java.lang.String,NotBlank]; arguments [org.springframework.context.support.DefaultMessageSourceResolvable: codes [registerRequest.username,username]; arguments []; default message [username]]; default message [Username is required]] [Field error in object 'registerRequest' on field 'email': rejected value [abc]; codes [Email.registerRequest.email,Email.email,Email.java.lang.String,Email]; arguments [org.springframework.context.support.DefaultMessageSourceResolvable: codes [registerRequest.email,email]; arguments []; default message [email],[Ljakarta.validation.constraints.Pattern$Flag;@66e36421,.*]; default message [Invalid email format]] 
	at org.springframework.web.servlet.mvc.method.annotation.RequestResponseBodyMethodProcessor.resolveArgument(RequestResponseBodyMethodProcessor.java:159)
	at org.springframework.web.method.support.HandlerMethodArgumentResolverComposite.resolveArgument(HandlerMethodArgumentResolverComposite.java:122)
	at org.springframework.web.method.support.InvocableHandlerMethod.getMethodArgumentValues(InvocableHandlerMethod.java:227)
	at org.springframework.web.method.support.InvocableHandlerMethod.invokeForRequest(InvocableHandlerMethod.java:181)
	at org.springframework.web.servlet.mvc.method.annotation.ServletInvocableHandlerMethod.invokeAndHandle(ServletInvocableHandlerMethod.java:118)
	at org.springframework.web.servlet.mvc.method.annotation.RequestMappingHandlerAdapter.invokeHandlerMethod(RequestMappingHandlerAdapter.java:991)
	at org.springframework.web.servlet.mvc.method.annotation.RequestMappingHandlerAdapter.handleInternal(RequestMappingHandlerAdapter.java:896)
	at org.springframework.web.servlet.mvc.method.AbstractHandlerMethodAdapter.handle(AbstractHandlerMethodAdapter.java:87)
	at org.springframework.web.servlet.DispatcherServlet.doDispatch(DispatcherServlet.java:1089)
	at org.springframework.web.servlet.DispatcherServlet.doService(DispatcherServlet.java:979)
	at org.springframework.web.servlet.FrameworkServlet.processRequest(FrameworkServlet.java:1014)
	at org.springframework.web.servlet.FrameworkServlet.doPost(FrameworkServlet.java:914)
	at jakarta.servlet.http.HttpServlet.service(HttpServlet.java:590)
	at org.springframework.web.servlet.FrameworkServlet.service(FrameworkServlet.java:885)
	at jakarta.servlet.http.HttpServlet.service(HttpServlet.java:658)
	at org.apache.catalina.core.ApplicationFilterChain.internalDoFilter(ApplicationFilterChain.java:193)
	at org.apache.catalina.core.ApplicationFilterChain.doFilter(ApplicationFilterChain.java:138)
	at org.apache.tomcat.websocket.server.WsFilter.doFilter(WsFilter.java:51)
	at org.apache.catalina.core.ApplicationFilterChain.internalDoFilter(ApplicationFilterChain.java:162)
	at org.apache.catalina.core.ApplicationFilterChain.doFilter(ApplicationFilterChain.java:138)
	at org.springframework.web.filter.CompositeFilter$VirtualFilterChain.doFilter(CompositeFilter.java:108)
	at org.springframework.web.filter.CompositeFilter$VirtualFilterChain.doFilter(CompositeFilter.java:108)
	at org.springframework.security.web.FilterChainProxy.lambda$doFilterInternal$3(FilterChainProxy.java:231)
	at org.springframework.security.web.ObservationFilterChainDecorator$FilterObservation$SimpleFilterObservation.lambda$wrap$1(ObservationFilterChainDecorator.java:490)
	at org.springframework.security.web.ObservationFilterChainDecorator$AroundFilterObservation$SimpleAroundFilterObservation.lambda$wrap$1(ObservationFilterChainDecorator.java:351)
	at org.springframework.security.web.ObservationFilterChainDecorator.lambda$wrapSecured$0(ObservationFilterChainDecorator.java:83)
	at org.springframework.security.web.ObservationFilterChainDecorator$VirtualFilterChain.doFilter(ObservationFilterChainDecorator.java:129)
	at org.springframework.security.web.access.intercept.AuthorizationFilter.doFilter(AuthorizationFilter.java:101)
	at org.springframework.security.web.ObservationFilterChainDecorator$ObservationFilter.wrapFilter(ObservationFilterChainDecorator.java:241)
	at org.springframework.security.web.ObservationFilterChainDecorator$ObservationFilter.doFilter(ObservationFilterChainDecorator.java:228)
	at org.springframework.security.web.ObservationFilterChainDecorator$VirtualFilterChain.doFilter(ObservationFilterChainDecorator.java:138)
	at org.springframework.security.web.access.ExceptionTranslationFilter.doFilter(ExceptionTranslationFilter.java:125)
	at org.springframework.security.web.access.ExceptionTranslationFilter.doFilter(ExceptionTranslationFilter.java:119)
	at org.springframework.security.web.ObservationFilterChainDecorator$ObservationFilter.wrapFilter(ObservationFilterChainDecorator.java:241)
	at org.springframework.security.web.ObservationFilterChainDecorator$ObservationFilter.doFilter(ObservationFilterChainDecorator.java:228)
	at org.springframework.security.web.ObservationFilterChainDecorator$VirtualFilterChain.doFilter(ObservationFilterChainDecorator.java:138)
	at org.springframework.security.web.authentication.AnonymousAuthenticationFilter.doFilter(AnonymousAuthenticationFilter.java:100)
	at org.springframework.security.web.ObservationFilterChainDecorator$ObservationFilter.wrapFilter(ObservationFilterChainDecorator.java:241)
	at org.springframework.security.web.ObservationFilterChainDecorator$ObservationFilter.doFilter(ObservationFilterChainDecorator.java:228)
	at org.springframework.security.web.ObservationFilterChainDecorator$VirtualFilterChain.doFilter(ObservationFilterChainDecorator.java:138)
	at org.springframework.security.web.servletapi.SecurityContextHolderAwareRequestFilter.doFilter(SecurityContextHolderAwareRequestFilter.java:179)
	at org.springframework.security.web.ObservationFilterChainDecorator$ObservationFilter.wrapFilter(ObservationFilterChainDecorator.java:241)
	at org.springframework.security.web.ObservationFilterChainDecorator$ObservationFilter.doFilter(ObservationFilterChainDecorator.java:228)
	at org.springframework.security.web.ObservationFilterChainDecorator$VirtualFilterChain.doFilter(ObservationFilterChainDecorator.java:138)
	at org.springframework.security.web.savedrequest.RequestCacheAwareFilter.doFilter(RequestCacheAwareFilter.java:63)
	at org.springframework.security.web.ObservationFilterChainDecorator$ObservationFilter.wrapFilter(ObservationFilterChainDecorator.java:241)
	at org.springframework.security.web.ObservationFilterChainDecorator$ObservationFilter.doFilter(ObservationFilterChainDecorator.java:228)
	at org.springframework.security.web.ObservationFilterChainDecorator$VirtualFilterChain.doFilter(ObservationFilterChainDecorator.java:138)
	at org.springframework.security.web.authentication.logout.LogoutFilter.doFilter(LogoutFilter.java:107)
	at org.springframework.security.web.authentication.logout.LogoutFilter.doFilter(LogoutFilter.java:93)
	at org.springframework.security.web.ObservationFilterChainDecorator$ObservationFilter.wrapFilter(ObservationFilterChainDecorator.java:241)
	at org.springframework.security.web.ObservationFilterChainDecorator$ObservationFilter.doFilter(ObservationFilterChainDecorator.java:228)
	at org.springframework.security.web.ObservationFilterChainDecorator$VirtualFilterChain.doFilter(ObservationFilterChainDecorator.java:138)
	at org.springframework.security.web.header.HeaderWriterFilter.doHeadersAfter(HeaderWriterFilter.java:90)
	at org.springframework.security.web.header.HeaderWriterFilter.doFilterInternal(HeaderWriterFilter.java:75)
	at org.springframework.web.filter.OncePerRequestFilter.doFilter(OncePerRequestFilter.java:116)
	at org.springframework.security.web.ObservationFilterChainDecorator$ObservationFilter.wrapFilter(ObservationFilterChainDecorator.java:241)
	at org.springframework.security.web.ObservationFilterChainDecorator$ObservationFilter.doFilter(ObservationFilterChainDecorator.java:228)
	at org.springframework.security.web.ObservationFilterChainDecorator$VirtualFilterChain.doFilter(ObservationFilterChainDecorator.java:138)
	at org.springframework.security.web.context.SecurityContextHolderFilter.doFilter(SecurityContextHolderFilter.java:82)
	at org.springframework.security.web.context.SecurityContextHolderFilter.doFilter(SecurityContextHolderFilter.java:69)
	at org.springframework.security.web.ObservationFilterChainDecorator$ObservationFilter.wrapFilter(ObservationFilterChainDecorator.java:241)
	at org.springframework.security.web.ObservationFilterChainDecorator$ObservationFilter.doFilter(ObservationFilterChainDecorator.java:228)
	at org.springframework.security.web.ObservationFilterChainDecorator$VirtualFilterChain.doFilter(ObservationFilterChainDecorator.java:138)
	at org.springframework.security.web.context.request.async.WebAsyncManagerIntegrationFilter.doFilterInternal(WebAsyncManagerIntegrationFilter.java:62)
	at org.springframework.web.filter.OncePerRequestFilter.doFilter(OncePerRequestFilter.java:116)
	at org.springframework.security.web.ObservationFilterChainDecorator$ObservationFilter.wrapFilter(ObservationFilterChainDecorator.java:241)
	at org.springframework.security.web.ObservationFilterChainDecorator$ObservationFilter.doFilter(ObservationFilterChainDecorator.java:228)
	at org.springframework.security.web.ObservationFilterChainDecorator$VirtualFilterChain.doFilter(ObservationFilterChainDecorator.java:138)
	at org.springframework.security.web.session.DisableEncodeUrlFilter.doFilterInternal(DisableEncodeUrlFilter.java:42)
	at org.springframework.web.filter.OncePerRequestFilter.doFilter(OncePerRequestFilter.java:116)
	at org.springframework.security.web.ObservationFilterChainDecorator$ObservationFilter.wrapFilter(ObservationFilterChainDecorator.java:241)
	at org.springframework.security.web.ObservationFilterChainDecorator$AroundFilterObservation$SimpleAroundFilterObservation.lambda$wrap$0(ObservationFilterChainDecorator.java:334)
	at org.springframework.security.web.ObservationFilterChainDecorator$ObservationFilter.doFilter(ObservationFilterChainDecorator.java:225)
	at org.springframework.security.web.ObservationFilterChainDecorator$VirtualFilterChain.doFilter(ObservationFilterChainDecorator.java:138)
	at org.springframework.security.web.FilterChainProxy.doFilterInternal(FilterChainProxy.java:233)
	at org.springframework.security.web.FilterChainProxy.doFilter(FilterChainProxy.java:191)
	at org.springframework.web.filter.CompositeFilter$VirtualFilterChain.doFilter(CompositeFilter.java:113)
	at org.springframework.web.filter.ServletRequestPathFilter.doFilter(ServletRequestPathFilter.java:52)
	at org.springframework.web.filter.CompositeFilter$VirtualFilterChain.doFilter(CompositeFilter.java:113)
	at org.springframework.web.filter.CompositeFilter.doFilter(CompositeFilter.java:74)
	at org.springframework.security.config.annotation.web.configuration.WebSecurityConfiguration$CompositeFilterChainProxy.doFilter(WebSecurityConfiguration.java:319)
	at org.springframework.web.filter.CompositeFilter$VirtualFilterChain.doFilter(CompositeFilter.java:113)
	at org.springframework.web.servlet.handler.HandlerMappingIntrospector.lambda$createCacheFilter$4(HandlerMappingIntrospector.java:267)
	at org.springframework.web.filter.CompositeFilter$VirtualFilterChain.doFilter(CompositeFilter.java:113)
	at org.springframework.web.filter.CompositeFilter.doFilter(CompositeFilter.java:74)
	at org.springframework.security.config.annotation.web.configuration.WebMvcSecurityConfiguration$CompositeFilterChainProxy.doFilter(WebMvcSecurityConfiguration.java:240)
	at org.springframework.web.filter.DelegatingFilterProxy.invokeDelegate(DelegatingFilterProxy.java:362)
	at org.springframework.web.filter.DelegatingFilterProxy.doFilter(DelegatingFilterProxy.java:278)
	at org.apache.catalina.core.ApplicationFilterChain.internalDoFilter(ApplicationFilterChain.java:162)
	at org.apache.catalina.core.ApplicationFilterChain.doFilter(ApplicationFilterChain.java:138)
	at org.springframework.web.filter.RequestContextFilter.doFilterInternal(RequestContextFilter.java:100)
	at org.springframework.web.filter.OncePerRequestFilter.doFilter(OncePerRequestFilter.java:116)
	at org.apache.catalina.core.ApplicationFilterChain.internalDoFilter(ApplicationFilterChain.java:162)
	at org.apache.catalina.core.ApplicationFilterChain.doFilter(ApplicationFilterChain.java:138)
	at org.springframework.web.filter.FormContentFilter.doFilterInternal(FormContentFilter.java:93)
	at org.springframework.web.filter.OncePerRequestFilter.doFilter(OncePerRequestFilter.java:116)
	at org.apache.catalina.core.ApplicationFilterChain.internalDoFilter(ApplicationFilterChain.java:162)
	at org.apache.catalina.core.ApplicationFilterChain.doFilter(ApplicationFilterChain.java:138)
	at org.springframework.web.filter.ServerHttpObservationFilter.doFilterInternal(ServerHttpObservationFilter.java:110)
	at org.springframework.web.filter.OncePerRequestFilter.doFilter(OncePerRequestFilter.java:116)
	at org.apache.catalina.core.ApplicationFilterChain.internalDoFilter(ApplicationFilterChain.java:162)
	at org.apache.catalina.core.ApplicationFilterChain.doFilter(ApplicationFilterChain.java:138)
	at org.springframework.web.filter.CharacterEncodingFilter.doFilterInternal(CharacterEncodingFilter.java:201)
	at org.springframework.web.filter.OncePerRequestFilter.doFilter(OncePerRequestFilter.java:116)
	at org.apache.catalina.core.ApplicationFilterChain.internalDoFilter(ApplicationFilterChain.java:162)
	at org.apache.catalina.core.ApplicationFilterChain.doFilter(ApplicationFilterChain.java:138)
	at org.apache.catalina.core.StandardWrapperValve.invoke(StandardWrapperValve.java:165)
	at org.apache.catalina.core.StandardContextValve.invoke(StandardContextValve.java:88)
	at org.apache.catalina.authenticator.AuthenticatorBase.invoke(AuthenticatorBase.java:492)
	at org.apache.catalina.core.StandardHostValve.invoke(StandardHostValve.java:113)
	at org.apache.catalina.valves.ErrorReportValve.invoke(ErrorReportValve.java:83)
	at org.apache.catalina.core.StandardEngineValve.invoke(StandardEngineValve.java:72)
	at org.apache.catalina.connector.CoyoteAdapter.service(CoyoteAdapter.java:342)
	at org.apache.coyote.http11.Http11Processor.service(Http11Processor.java:399)
	at org.apache.coyote.AbstractProcessorLight.process(AbstractProcessorLight.java:63)
	at org.apache.coyote.AbstractProtocol$ConnectionHandler.process(AbstractProtocol.java:903)
	at org.apache.tomcat.util.net.NioEndpoint$SocketProcessor.doRun(NioEndpoint.java:1797)
	at org.apache.tomcat.util.net.SocketProcessorBase.run(SocketProcessorBase.java:52)
	at org.apache.tomcat.util.threads.ThreadPoolExecutor.runWorker(ThreadPoolExecutor.java:973)
	at org.apache.tomcat.util.threads.ThreadPoolExecutor$Worker.run(ThreadPoolExecutor.java:491)
	at org.apache.tomcat.util.threads.TaskThread$WrappingRunnable.run(TaskThread.java:63)
	at java.base/java.lang.Thread.run(Thread.java:1575)
2026-06-02 20:55:00
                WARN 
                o.s.w.s.m.m.a.ExceptionHandlerExceptionResolver
                - Resolved [org.springframework.web.bind.MethodArgumentNotValidException: Validation failed for argument [0] in public org.springframework.http.ResponseEntity<java.lang.String> com.allianz.insurance.controller.AuthController.register(com.allianz.insurance.dto.auth.RegisterRequest) with 3 errors: [Field error in object 'registerRequest' on field 'password': rejected value [123]; codes [Size.registerRequest.password,Size.password,Size.java.lang.String,Size]; arguments [org.springframework.context.support.DefaultMessageSourceResolvable: codes [registerRequest.password,password]; arguments []; default message [password],2147483647,8]; default message [Password must be at least 8 characters]] [Field error in object 'registerRequest' on field 'username': rejected value []; codes [NotBlank.registerRequest.username,NotBlank.username,NotBlank.java.lang.String,NotBlank]; arguments [org.springframework.context.support.DefaultMessageSourceResolvable: codes [registerRequest.username,username]; arguments []; default message [username]]; default message [Username is required]] [Field error in object 'registerRequest' on field 'email': rejected value [abc]; codes [Email.registerRequest.email,Email.email,Email.java.lang.String,Email]; arguments [org.springframework.context.support.DefaultMessageSourceResolvable: codes [registerRequest.email,email]; arguments []; default message [email],[Ljakarta.validation.constraints.Pattern$Flag;@66e36421,.*]; default message [Invalid email format]] ]
2026-06-02 20:59:52
                INFO 
                o.s.b.w.e.tomcat.GracefulShutdown
                - Commencing graceful shutdown. Waiting for active requests to complete
2026-06-02 20:59:52
                INFO 
                o.s.b.w.e.tomcat.GracefulShutdown
                - Graceful shutdown complete
2026-06-02 20:59:52
                INFO 
                o.s.o.j.LocalContainerEntityManagerFactoryBean
                - Closing JPA EntityManagerFactory for persistence unit 'default'
2026-06-02 20:59:52
                INFO 
                com.zaxxer.hikari.HikariDataSource
                - HikariPool-1 - Shutdown initiated...
2026-06-02 20:59:52
                INFO 
                com.zaxxer.hikari.HikariDataSource
                - HikariPool-1 - Shutdown completed.
2026-06-02 21:00:05
                INFO 
                o.h.validator.internal.util.Version
                - HV000001: Hibernate Validator 8.0.3.Final
2026-06-02 21:00:05
                INFO 
                c.a.insurance.InsuranceApplication
                - Starting InsuranceApplication using Java 23.0.1 with PID 14832 (D:\insurance\target\classes started by Ashutosh Rajput in D:\insurance)
2026-06-02 21:00:05
                INFO 
                c.a.insurance.InsuranceApplication
                - No active profile set, falling back to 1 default profile: "default"
2026-06-02 21:00:06
                INFO 
                o.s.b.d.e.DevToolsPropertyDefaultsPostProcessor
                - Devtools property defaults active! Set 'spring.devtools.add-properties' to 'false' to disable
2026-06-02 21:00:06
                INFO 
                o.s.b.d.e.DevToolsPropertyDefaultsPostProcessor
                - For additional web related logging consider setting the 'logging.level.web' property to 'DEBUG'
2026-06-02 21:00:08
                INFO 
                o.s.d.r.c.RepositoryConfigurationDelegate
                - Multiple Spring Data modules found, entering strict repository configuration mode
2026-06-02 21:00:08
                INFO 
                o.s.d.r.c.RepositoryConfigurationDelegate
                - Bootstrapping Spring Data JPA repositories in DEFAULT mode.
2026-06-02 21:00:09
                INFO 
                o.s.d.r.c.RepositoryConfigurationDelegate
                - Finished Spring Data repository scanning in 294 ms. Found 1 JPA repository interface.
2026-06-02 21:00:09
                INFO 
                o.s.d.r.c.RepositoryConfigurationDelegate
                - Multiple Spring Data modules found, entering strict repository configuration mode
2026-06-02 21:00:09
                INFO 
                o.s.d.r.c.RepositoryConfigurationDelegate
                - Bootstrapping Spring Data Redis repositories in DEFAULT mode.
2026-06-02 21:00:09
                INFO 
                o.s.d.r.c.RepositoryConfigurationExtensionSupport
                - Spring Data Redis - Could not safely identify store assignment for repository candidate interface com.allianz.insurance.repository.UserRepository; If you want this repository to be a Redis repository, consider annotating your entities with one of these annotations: org.springframework.data.redis.core.RedisHash (preferred), or consider extending one of the following types with your repository: org.springframework.data.keyvalue.repository.KeyValueRepository
2026-06-02 21:00:09
                INFO 
                o.s.d.r.c.RepositoryConfigurationDelegate
                - Finished Spring Data repository scanning in 15 ms. Found 0 Redis repository interfaces.
2026-06-02 21:00:11
                INFO 
                o.s.b.w.e.tomcat.TomcatWebServer
                - Tomcat initialized with port 8080 (http)
2026-06-02 21:00:11
                INFO 
                o.a.coyote.http11.Http11NioProtocol
                - Initializing ProtocolHandler ["http-nio-8080"]
2026-06-02 21:00:11
                INFO 
                o.a.catalina.core.StandardService
                - Starting service [Tomcat]
2026-06-02 21:00:11
                INFO 
                o.a.catalina.core.StandardEngine
                - Starting Servlet engine: [Apache Tomcat/10.1.54]
2026-06-02 21:00:11
                INFO 
                o.a.c.c.C.[Tomcat].[localhost].[/]
                - Initializing Spring embedded WebApplicationContext
2026-06-02 21:00:11
                INFO 
                o.s.b.w.s.c.ServletWebServerApplicationContext
                - Root WebApplicationContext: initialization completed in 5234 ms
2026-06-02 21:00:11
                INFO 
                o.h.jpa.internal.util.LogHelper
                - HHH000204: Processing PersistenceUnitInfo [name: default]
2026-06-02 21:00:12
                INFO 
                org.hibernate.Version
                - HHH000412: Hibernate ORM core version 6.6.49.Final
2026-06-02 21:00:12
                INFO 
                o.h.c.i.RegionFactoryInitiator
                - HHH000026: Second-level cache disabled
2026-06-02 21:00:12
                INFO 
                o.s.o.j.p.SpringPersistenceUnitInfo
                - No LoadTimeWeaver setup: ignoring JPA class transformer
2026-06-02 21:00:12
                INFO 
                com.zaxxer.hikari.HikariDataSource
                - HikariPool-1 - Starting...
2026-06-02 21:00:14
                INFO 
                com.zaxxer.hikari.pool.HikariPool
                - HikariPool-1 - Added connection com.mysql.cj.jdbc.ConnectionImpl@284eb347
2026-06-02 21:00:14
                INFO 
                com.zaxxer.hikari.HikariDataSource
                - HikariPool-1 - Start completed.
2026-06-02 21:00:14
                INFO 
                o.hibernate.orm.connections.pooling
                - HHH10001005: Database info:
	Database JDBC URL [Connecting through datasource 'HikariDataSource (HikariPool-1)']
	Database driver: undefined/unknown
	Database version: 8.0.41
	Autocommit mode: undefined/unknown
	Isolation level: undefined/unknown
	Minimum pool size: undefined/unknown
	Maximum pool size: undefined/unknown
2026-06-02 21:00:16
                INFO 
                o.h.e.t.j.p.i.JtaPlatformInitiator
                - HHH000489: No JTA platform available (set 'hibernate.transaction.jta.platform' to enable JTA platform integration)
2026-06-02 21:00:16
                INFO 
                o.s.o.j.LocalContainerEntityManagerFactoryBean
                - Initialized JPA EntityManagerFactory for persistence unit 'default'
2026-06-02 21:00:17
                WARN 
                o.s.b.a.o.j.JpaBaseConfiguration$JpaWebConfiguration
                - spring.jpa.open-in-view is enabled by default. Therefore, database queries may be performed during view rendering. Explicitly configure spring.jpa.open-in-view to disable this warning
2026-06-02 21:00:17
                WARN 
                o.s.b.a.s.s.UserDetailsServiceAutoConfiguration
                - 

Using generated security password: 11ec5cec-00a8-4618-8632-36600723a86f

This generated password is for development use only. Your security configuration must be updated before running your application in production.

2026-06-02 21:00:17
                INFO 
                o.s.s.c.a.a.c.InitializeUserDetailsBeanManagerConfigurer$InitializeUserDetailsManagerConfigurer
                - Global AuthenticationManager configured with UserDetailsService bean with name inMemoryUserDetailsManager
2026-06-02 21:00:19
                INFO 
                o.s.b.a.e.web.EndpointLinksResolver
                - Exposing 1 endpoint beneath base path '/actuator'
2026-06-02 21:00:20
                INFO 
                o.s.b.d.a.OptionalLiveReloadServer
                - LiveReload server is running on port 35729
2026-06-02 21:00:20
                INFO 
                o.a.coyote.http11.Http11NioProtocol
                - Starting ProtocolHandler ["http-nio-8080"]
2026-06-02 21:00:21
                INFO 
                o.s.b.w.e.tomcat.TomcatWebServer
                - Tomcat started on port 8080 (http) with context path '/'
2026-06-02 21:00:21
                INFO 
                c.a.insurance.InsuranceApplication
                - Started InsuranceApplication in 16.809 seconds (process running for 18.151)
2026-06-02 21:00:36
                INFO 
                o.a.c.c.C.[Tomcat].[localhost].[/]
                - Initializing Spring DispatcherServlet 'dispatcherServlet'
2026-06-02 21:00:37
                INFO 
                o.s.web.servlet.DispatcherServlet
                - Initializing Servlet 'dispatcherServlet'
2026-06-02 21:00:37
                INFO 
                o.s.web.servlet.DispatcherServlet
                - Completed initialization in 8 ms
2026-06-02 21:00:37
                INFO 
                c.a.insurance.service.UserService
                - Login request received for email: admin@gmail.com
2026-06-02 21:00:39
                INFO 
                c.a.insurance.service.UserService
                - User logged in successfully with email: admin@gmail.com
2026-06-02 21:07:37
                INFO 
                o.s.b.d.a.LocalDevToolsAutoConfiguration$RestartingClassPathChangeChangedEventListener
                - Restarting due to 16 class path changes (0 additions, 16 deletions, 0 modifications)
2026-06-02 21:07:37
                INFO 
                o.s.b.w.e.tomcat.GracefulShutdown
                - Commencing graceful shutdown. Waiting for active requests to complete
2026-06-02 21:07:37
                INFO 
                o.a.coyote.http11.Http11NioProtocol
                - Pausing ProtocolHandler ["http-nio-8080"]
2026-06-02 21:07:38
                INFO 
                o.s.b.w.e.tomcat.GracefulShutdown
                - Graceful shutdown complete
2026-06-02 21:07:38
                INFO 
                o.a.coyote.http11.Http11NioProtocol
                - Stopping ProtocolHandler ["http-nio-8080"]
2026-06-02 21:07:38
                INFO 
                o.s.o.j.LocalContainerEntityManagerFactoryBean
                - Closing JPA EntityManagerFactory for persistence unit 'default'
2026-06-02 21:07:38
                INFO 
                com.zaxxer.hikari.HikariDataSource
                - HikariPool-1 - Shutdown initiated...
2026-06-02 21:07:38
                INFO 
                com.zaxxer.hikari.HikariDataSource
                - HikariPool-1 - Shutdown completed.
2026-06-02 21:07:39
                INFO 
                c.a.insurance.InsuranceApplication
                - Starting InsuranceApplication using Java 23.0.1 with PID 14832 (D:\insurance\target\classes started by Ashutosh Rajput in D:\insurance)
2026-06-02 21:07:39
                INFO 
                c.a.insurance.InsuranceApplication
                - No active profile set, falling back to 1 default profile: "default"
2026-06-02 21:07:42
                INFO 
                o.s.d.r.c.RepositoryConfigurationDelegate
                - Multiple Spring Data modules found, entering strict repository configuration mode
2026-06-02 21:07:42
                INFO 
                o.s.d.r.c.RepositoryConfigurationDelegate
                - Bootstrapping Spring Data JPA repositories in DEFAULT mode.
2026-06-02 21:07:42
                INFO 
                o.s.d.r.c.RepositoryConfigurationDelegate
                - Finished Spring Data repository scanning in 46 ms. Found 1 JPA repository interface.
2026-06-02 21:07:42
                INFO 
                o.s.d.r.c.RepositoryConfigurationDelegate
                - Multiple Spring Data modules found, entering strict repository configuration mode
2026-06-02 21:07:42
                INFO 
                o.s.d.r.c.RepositoryConfigurationDelegate
                - Bootstrapping Spring Data Redis repositories in DEFAULT mode.
2026-06-02 21:07:42
                INFO 
                o.s.d.r.c.RepositoryConfigurationExtensionSupport
                - Spring Data Redis - Could not safely identify store assignment for repository candidate interface com.allianz.insurance.repository.UserRepository; If you want this repository to be a Redis repository, consider annotating your entities with one of these annotations: org.springframework.data.redis.core.RedisHash (preferred), or consider extending one of the following types with your repository: org.springframework.data.keyvalue.repository.KeyValueRepository
2026-06-02 21:07:42
                INFO 
                o.s.d.r.c.RepositoryConfigurationDelegate
                - Finished Spring Data repository scanning in 13 ms. Found 0 Redis repository interfaces.
2026-06-02 21:07:43
                INFO 
                o.s.b.w.e.tomcat.TomcatWebServer
                - Tomcat initialized with port 8080 (http)
2026-06-02 21:07:43
                INFO 
                o.a.coyote.http11.Http11NioProtocol
                - Initializing ProtocolHandler ["http-nio-8080"]
2026-06-02 21:07:43
                INFO 
                o.a.catalina.core.StandardService
                - Starting service [Tomcat]
2026-06-02 21:07:43
                INFO 
                o.a.catalina.core.StandardEngine
                - Starting Servlet engine: [Apache Tomcat/10.1.54]
2026-06-02 21:07:43
                INFO 
                o.a.c.c.C.[Tomcat].[localhost].[/]
                - Initializing Spring embedded WebApplicationContext
2026-06-02 21:07:43
                INFO 
                o.s.b.w.s.c.ServletWebServerApplicationContext
                - Root WebApplicationContext: initialization completed in 3325 ms
2026-06-02 21:07:43
                INFO 
                o.h.jpa.internal.util.LogHelper
                - HHH000204: Processing PersistenceUnitInfo [name: default]
2026-06-02 21:07:43
                INFO 
                o.h.c.i.RegionFactoryInitiator
                - HHH000026: Second-level cache disabled
2026-06-02 21:07:43
                INFO 
                o.s.o.j.p.SpringPersistenceUnitInfo
                - No LoadTimeWeaver setup: ignoring JPA class transformer
2026-06-02 21:07:43
                INFO 
                com.zaxxer.hikari.HikariDataSource
                - HikariPool-2 - Starting...
2026-06-02 21:07:44
                INFO 
                com.zaxxer.hikari.pool.HikariPool
                - HikariPool-2 - Added connection com.mysql.cj.jdbc.ConnectionImpl@5cdf91f8
2026-06-02 21:07:44
                INFO 
                com.zaxxer.hikari.HikariDataSource
                - HikariPool-2 - Start completed.
2026-06-02 21:07:44
                INFO 
                o.hibernate.orm.connections.pooling
                - HHH10001005: Database info:
	Database JDBC URL [Connecting through datasource 'HikariDataSource (HikariPool-2)']
	Database driver: undefined/unknown
	Database version: 8.0.41
	Autocommit mode: undefined/unknown
	Isolation level: undefined/unknown
	Minimum pool size: undefined/unknown
	Maximum pool size: undefined/unknown
2026-06-02 21:07:44
                INFO 
                o.h.e.t.j.p.i.JtaPlatformInitiator
                - HHH000489: No JTA platform available (set 'hibernate.transaction.jta.platform' to enable JTA platform integration)
2026-06-02 21:07:44
                INFO 
                o.s.o.j.LocalContainerEntityManagerFactoryBean
                - Initialized JPA EntityManagerFactory for persistence unit 'default'
2026-06-02 21:07:44
                WARN 
                o.s.b.a.o.j.JpaBaseConfiguration$JpaWebConfiguration
                - spring.jpa.open-in-view is enabled by default. Therefore, database queries may be performed during view rendering. Explicitly configure spring.jpa.open-in-view to disable this warning
2026-06-02 21:07:45
                WARN 
                o.s.b.a.s.s.UserDetailsServiceAutoConfiguration
                - 

Using generated security password: 8afe914a-5293-4b1a-931e-10319a8e38c3

This generated password is for development use only. Your security configuration must be updated before running your application in production.

2026-06-02 21:07:45
                INFO 
                o.s.s.c.a.a.c.InitializeUserDetailsBeanManagerConfigurer$InitializeUserDetailsManagerConfigurer
                - Global AuthenticationManager configured with UserDetailsService bean with name inMemoryUserDetailsManager
2026-06-02 21:07:45
                INFO 
                o.s.b.a.e.web.EndpointLinksResolver
                - Exposing 1 endpoint beneath base path '/actuator'
2026-06-02 21:07:45
                INFO 
                o.s.b.d.a.OptionalLiveReloadServer
                - LiveReload server is running on port 35729
2026-06-02 21:07:45
                INFO 
                o.a.coyote.http11.Http11NioProtocol
                - Starting ProtocolHandler ["http-nio-8080"]
2026-06-02 21:07:45
                INFO 
                o.s.b.w.e.tomcat.TomcatWebServer
                - Tomcat started on port 8080 (http) with context path '/'
2026-06-02 21:07:45
                INFO 
                c.a.insurance.InsuranceApplication
                - Started InsuranceApplication in 6.168 seconds (process running for 462.984)
2026-06-02 21:07:45
                INFO 
                o.s.b.d.a.ConditionEvaluationDeltaLoggingListener
                - Condition evaluation unchanged
2026-06-02 21:07:47
                INFO 
                o.s.b.d.a.LocalDevToolsAutoConfiguration$RestartingClassPathChangeChangedEventListener
                - Restarting due to 16 class path changes (16 additions, 0 deletions, 0 modifications)
2026-06-02 21:07:47
                INFO 
                o.s.b.w.e.tomcat.GracefulShutdown
                - Commencing graceful shutdown. Waiting for active requests to complete
2026-06-02 21:07:47
                INFO 
                o.a.coyote.http11.Http11NioProtocol
                - Pausing ProtocolHandler ["http-nio-8080"]
2026-06-02 21:07:47
                INFO 
                o.s.b.w.e.tomcat.GracefulShutdown
                - Graceful shutdown complete
2026-06-02 21:07:47
                INFO 
                o.a.coyote.http11.Http11NioProtocol
                - Stopping ProtocolHandler ["http-nio-8080"]
2026-06-02 21:07:47
                INFO 
                o.s.o.j.LocalContainerEntityManagerFactoryBean
                - Closing JPA EntityManagerFactory for persistence unit 'default'
2026-06-02 21:07:47
                INFO 
                com.zaxxer.hikari.HikariDataSource
                - HikariPool-2 - Shutdown initiated...
2026-06-02 21:07:47
                INFO 
                com.zaxxer.hikari.HikariDataSource
                - HikariPool-2 - Shutdown completed.
2026-06-02 21:07:47
                INFO 
                c.a.insurance.InsuranceApplication
                - Starting InsuranceApplication using Java 23.0.1 with PID 14832 (D:\insurance\target\classes started by Ashutosh Rajput in D:\insurance)
2026-06-02 21:07:47
                INFO 
                c.a.insurance.InsuranceApplication
                - No active profile set, falling back to 1 default profile: "default"
2026-06-02 21:07:48
                INFO 
                o.s.d.r.c.RepositoryConfigurationDelegate
                - Multiple Spring Data modules found, entering strict repository configuration mode
2026-06-02 21:07:48
                INFO 
                o.s.d.r.c.RepositoryConfigurationDelegate
                - Bootstrapping Spring Data JPA repositories in DEFAULT mode.
2026-06-02 21:07:48
                INFO 
                o.s.d.r.c.RepositoryConfigurationDelegate
                - Finished Spring Data repository scanning in 23 ms. Found 1 JPA repository interface.
2026-06-02 21:07:48
                INFO 
                o.s.d.r.c.RepositoryConfigurationDelegate
                - Multiple Spring Data modules found, entering strict repository configuration mode
2026-06-02 21:07:48
                INFO 
                o.s.d.r.c.RepositoryConfigurationDelegate
                - Bootstrapping Spring Data Redis repositories in DEFAULT mode.
2026-06-02 21:07:48
                INFO 
                o.s.d.r.c.RepositoryConfigurationExtensionSupport
                - Spring Data Redis - Could not safely identify store assignment for repository candidate interface com.allianz.insurance.repository.UserRepository; If you want this repository to be a Redis repository, consider annotating your entities with one of these annotations: org.springframework.data.redis.core.RedisHash (preferred), or consider extending one of the following types with your repository: org.springframework.data.keyvalue.repository.KeyValueRepository
2026-06-02 21:07:48
                INFO 
                o.s.d.r.c.RepositoryConfigurationDelegate
                - Finished Spring Data repository scanning in 7 ms. Found 0 Redis repository interfaces.
2026-06-02 21:07:48
                INFO 
                o.s.b.w.e.tomcat.TomcatWebServer
                - Tomcat initialized with port 8080 (http)
2026-06-02 21:07:48
                INFO 
                o.a.coyote.http11.Http11NioProtocol
                - Initializing ProtocolHandler ["http-nio-8080"]
2026-06-02 21:07:48
                INFO 
                o.a.catalina.core.StandardService
                - Starting service [Tomcat]
2026-06-02 21:07:48
                INFO 
                o.a.catalina.core.StandardEngine
                - Starting Servlet engine: [Apache Tomcat/10.1.54]
2026-06-02 21:07:48
                INFO 
                o.a.c.c.C.[Tomcat].[localhost].[/]
                - Initializing Spring embedded WebApplicationContext
2026-06-02 21:07:48
                INFO 
                o.s.b.w.s.c.ServletWebServerApplicationContext
                - Root WebApplicationContext: initialization completed in 1025 ms
2026-06-02 21:07:48
                INFO 
                o.h.jpa.internal.util.LogHelper
                - HHH000204: Processing PersistenceUnitInfo [name: default]
2026-06-02 21:07:48
                INFO 
                o.h.c.i.RegionFactoryInitiator
                - HHH000026: Second-level cache disabled
2026-06-02 21:07:48
                INFO 
                o.s.o.j.p.SpringPersistenceUnitInfo
                - No LoadTimeWeaver setup: ignoring JPA class transformer
2026-06-02 21:07:48
                INFO 
                com.zaxxer.hikari.HikariDataSource
                - HikariPool-3 - Starting...
2026-06-02 21:07:48
                INFO 
                com.zaxxer.hikari.pool.HikariPool
                - HikariPool-3 - Added connection com.mysql.cj.jdbc.ConnectionImpl@3453a644
2026-06-02 21:07:48
                INFO 
                com.zaxxer.hikari.HikariDataSource
                - HikariPool-3 - Start completed.
2026-06-02 21:07:48
                INFO 
                o.hibernate.orm.connections.pooling
                - HHH10001005: Database info:
	Database JDBC URL [Connecting through datasource 'HikariDataSource (HikariPool-3)']
	Database driver: undefined/unknown
	Database version: 8.0.41
	Autocommit mode: undefined/unknown
	Isolation level: undefined/unknown
	Minimum pool size: undefined/unknown
	Maximum pool size: undefined/unknown
2026-06-02 21:07:48
                INFO 
                o.h.e.t.j.p.i.JtaPlatformInitiator
                - HHH000489: No JTA platform available (set 'hibernate.transaction.jta.platform' to enable JTA platform integration)
2026-06-02 21:07:48
                INFO 
                o.s.o.j.LocalContainerEntityManagerFactoryBean
                - Initialized JPA EntityManagerFactory for persistence unit 'default'
2026-06-02 21:07:49
                WARN 
                o.s.b.a.o.j.JpaBaseConfiguration$JpaWebConfiguration
                - spring.jpa.open-in-view is enabled by default. Therefore, database queries may be performed during view rendering. Explicitly configure spring.jpa.open-in-view to disable this warning
2026-06-02 21:07:49
                WARN 
                o.s.b.a.s.s.UserDetailsServiceAutoConfiguration
                - 

Using generated security password: 188108cd-8413-429a-aeb0-270695a298c4

This generated password is for development use only. Your security configuration must be updated before running your application in production.

2026-06-02 21:07:49
                INFO 
                o.s.s.c.a.a.c.InitializeUserDetailsBeanManagerConfigurer$InitializeUserDetailsManagerConfigurer
                - Global AuthenticationManager configured with UserDetailsService bean with name inMemoryUserDetailsManager
2026-06-02 21:07:49
                INFO 
                o.s.b.a.e.web.EndpointLinksResolver
                - Exposing 1 endpoint beneath base path '/actuator'
2026-06-02 21:07:49
                INFO 
                o.s.b.d.a.OptionalLiveReloadServer
                - LiveReload server is running on port 35729
2026-06-02 21:07:49
                INFO 
                o.a.coyote.http11.Http11NioProtocol
                - Starting ProtocolHandler ["http-nio-8080"]
2026-06-02 21:07:49
                INFO 
                o.s.b.w.e.tomcat.TomcatWebServer
                - Tomcat started on port 8080 (http) with context path '/'
2026-06-02 21:07:49
                INFO 
                c.a.insurance.InsuranceApplication
                - Started InsuranceApplication in 2.191 seconds (process running for 466.651)
2026-06-02 21:07:49
                INFO 
                o.s.b.d.a.ConditionEvaluationDeltaLoggingListener
                - Condition evaluation unchanged
